Date,Day Number,Project Number,Counter Number,Location,Direction,Time,AM or PM,Value 01,Value 02
September 21 2022,1,12203-01,1,410,EAST-WEST,12:00,PM,87,0
September 21 2022,1,12203-01,1,410,EAST-WEST,12:15,PM,61,0
September 21 2022,1,12203-01,1,410,EAST-WEST,12:30,PM,94,0
September 21 2022,1,12203-01,1,410,EAST-WEST,12:45,PM,85,0
September 21 2022,1,12203-01,1,410,EAST-WEST,17:30,PM,57,0
September 21 2022,1,12203-01,1,410,EAST-WEST,17:45,PM,73,0
September 21 2022,1,12203-01,1,410,EAST-WEST,06:00,AM,177,0
September 21 2022,1,12203-01,1,410,EAST-WEST,18:00,PM,68,0
September 21 2022,1,12203-01,1,410,EAST-WEST,06:15,AM,196,0
September 21 2022,1,12203-01,1,410,EAST-WEST,18:15,PM,75,0
September 21 2022,1,12203-01,1,410,EAST-WEST,06:30,AM,206,0
September 21 2022,1,12203-01,1,410,EAST-WEST,06:45,AM,152,0
September 22 2022,2,12203-01,1,410,EAST-WEST,12:15,PM,91,0
September 22 2022,2,12203-01,1,410,EAST-WEST,12:30,PM,66,0
September 22 2022,2,12203-01,1,410,EAST-WEST,12:45,PM,81,0
September 22 2022,2,12203-01,1,410,EAST-WEST,13:00,PM,64,0
September 22 2022,2,12203-01,1,410,EAST-WEST,17:45,PM,77,0
September 22 2022,2,12203-01,1,410,EAST-WEST,18:00,PM,62,0
September 22 2022,2,12203-01,1,410,EAST-WEST,06:15,AM,193,0
September 22 2022,2,12203-01,1,410,EAST-WEST,18:15,PM,68,0
September 22 2022,2,12203-01,1,410,EAST-WEST,06:30,AM,215,0
September 22 2022,2,12203-01,1,410,EAST-WEST,18:30,PM,66,0
September 22 2022,2,12203-01,1,410,EAST-WEST,06:45,AM,221,0
September 22 2022,2,12203-01,1,410,EAST-WEST,07:00,AM,183,0
September 21 2022,NO MATCH FOUND FOR: 'DayNum',12203-01,2,400,WEST-EAST,14:00,PM,138,0
September 21 2022,NO MATCH FOUND FOR: 'DayNum',12203-01,2,400,WEST-EAST,14:15,PM,122,0
September 21 2022,NO MATCH FOUND FOR: 'DayNum',12203-01,2,400,WEST-EAST,14:30,PM,145,0
September 21 2022,NO MATCH FOUND FOR: 'DayNum',12203-01,2,400,WEST-EAST,14:45,PM,121,0
September 21 2022,NO MATCH FOUND FOR: 'DayNum',12203-01,2,400,WEST-EAST,15:15,PM,225,0
September 21 2022,NO MATCH FOUND FOR: 'DayNum',12203-01,2,400,WEST-EAST,15:30,PM,188,0
September 21 2022,NO MATCH FOUND FOR: 'DayNum',12203-01,2,400,WEST-EAST,15:45,PM,188,0
September 21 2022,NO MATCH FOUND FOR: 'DayNum',12203-01,2,400,WEST-EAST,16:00,PM,195,0
September 21 2022,NO MATCH FOUND FOR: 'DayNum',12203-01,2,400,WEST-EAST,10:00,AM,66,0
September 21 2022,NO MATCH FOUND FOR: 'DayNum',12203-01,2,400,WEST-EAST,10:15,AM,76,0
September 21 2022,NO MATCH FOUND FOR: 'DayNum',12203-01,2,400,WEST-EAST,10:30,AM,80,0
September 21 2022,NO MATCH FOUND FOR: 'DayNum',12203-01,2,400,WEST-EAST,10:45,AM,72,0
September 22 2022,NO MATCH FOUND FOR: 'DayNum',12203-01,2,400,WEST-EAST,14:00,PM,122,0
September 22 2022,NO MATCH FOUND FOR: 'DayNum',12203-01,2,400,WEST-EAST,14:15,PM,122,0
September 22 2022,NO MATCH FOUND FOR: 'DayNum',12203-01,2,400,WEST-EAST,14:30,PM,119,0
September 22 2022,NO MATCH FOUND FOR: 'DayNum',12203-01,2,400,WEST-EAST,14:45,PM,123,0
September 22 2022,NO MATCH FOUND FOR: 'DayNum',12203-01,2,400,WEST-EAST,15:45,PM,195,0
September 22 2022,NO MATCH FOUND FOR: 'DayNum',12203-01,2,400,WEST-EAST,16:00,PM,218,0
September 22 2022,NO MATCH FOUND FOR: 'DayNum',12203-01,2,400,WEST-EAST,16:15,PM,202,0
September 22 2022,NO MATCH FOUND FOR: 'DayNum',12203-01,2,400,WEST-EAST,16:30,PM,227,0
September 22 2022,NO MATCH FOUND FOR: 'DayNum',12203-01,2,400,WEST-EAST,10:00,AM,68,0
September 22 2022,NO MATCH FOUND FOR: 'DayNum',12203-01,2,400,WEST-EAST,10:15,AM,65,0
September 22 2022,NO MATCH FOUND FOR: 'DayNum',12203-01,2,400,WEST-EAST,10:30,AM,73,0
September 22 2022,NO MATCH FOUND FOR: 'DayNum',12203-01,2,400,WEST-EAST,10:45,AM,80,0
September 21 2022,NO MATCH FOUND FOR: 'DayNum',12203-01,3,150,EAST-WEST,14:00,PM,33,0
September 21 2022,NO MATCH FOUND FOR: 'DayNum',12203-01,3,150,EAST-WEST,14:15,PM,42,0
September 21 2022,NO MATCH FOUND FOR: 'DayNum',12203-01,3,150,EAST-WEST,14:30,PM,55,0
September 21 2022,NO MATCH FOUND FOR: 'DayNum',12203-01,3,150,EAST-WEST,14:45,PM,32,0
September 21 2022,NO MATCH FOUND FOR: 'DayNum',12203-01,3,150,EAST-WEST,17:30,PM,65,0
September 21 2022,NO MATCH FOUND FOR: 'DayNum',12203-01,3,150,EAST-WEST,17:45,PM,64,0
September 21 2022,NO MATCH FOUND FOR: 'DayNum',12203-01,3,150,EAST-WEST,18:00,PM,46,0
September 21 2022,NO MATCH FOUND FOR: 'DayNum',12203-01,3,150,EAST-WEST,18:15,PM,58,0
September 21 2022,NO MATCH FOUND FOR: 'DayNum',12203-01,3,150,EAST-WEST,07:00,AM,68,0
September 21 2022,NO MATCH FOUND FOR: 'DayNum',12203-01,3,150,EAST-WEST,07:15,AM,73,0
September 21 2022,NO MATCH FOUND FOR: 'DayNum',12203-01,3,150,EAST-WEST,07:30,AM,74,0
September 21 2022,NO MATCH FOUND FOR: 'DayNum',12203-01,3,150,EAST-WEST,07:45,AM,89,0
September 22 2022,NO MATCH FOUND FOR: 'DayNum',12203-01,3,150,EAST-WEST,14:00,PM,30,0
September 22 2022,NO MATCH FOUND FOR: 'DayNum',12203-01,3,150,EAST-WEST,14:15,PM,45,0
September 22 2022,NO MATCH FOUND FOR: 'DayNum',12203-01,3,150,EAST-WEST,14:30,PM,50,0
September 22 2022,NO MATCH FOUND FOR: 'DayNum',12203-01,3,150,EAST-WEST,14:45,PM,45,0
September 22 2022,NO MATCH FOUND FOR: 'DayNum',12203-01,3,150,EAST-WEST,15:00,PM,63,0
September 22 2022,NO MATCH FOUND FOR: 'DayNum',12203-01,3,150,EAST-WEST,15:15,PM,57,0
September 22 2022,NO MATCH FOUND FOR: 'DayNum',12203-01,3,150,EAST-WEST,15:30,PM,32,0
September 22 2022,NO MATCH FOUND FOR: 'DayNum',12203-01,3,150,EAST-WEST,15:45,PM,49,0
September 22 2022,NO MATCH FOUND FOR: 'DayNum',12203-01,3,150,EAST-WEST,07:15,AM,76,0
September 22 2022,NO MATCH FOUND FOR: 'DayNum',12203-01,3,150,EAST-WEST,07:30,AM,72,0
September 22 2022,NO MATCH FOUND FOR: 'DayNum',12203-01,3,150,EAST-WEST,07:45,AM,86,0
September 22 2022,NO MATCH FOUND FOR: 'DayNum',12203-01,3,150,EAST-WEST,08:00,AM,71,0
50,1,12203-01,4,WBFR US 90 on ramp E of,EAST-WEST,14:00,PM,0,39
50,1,12203-01,4,WBFR US 90 on ramp E of,EAST-WEST,14:15,PM,0,35
50,1,12203-01,4,WBFR US 90 on ramp E of,EAST-WEST,14:30,PM,0,30
50,1,12203-01,4,WBFR US 90 on ramp E of,EAST-WEST,14:45,PM,0,45
50,1,12203-01,4,WBFR US 90 on ramp E of,EAST-WEST,17:00,PM,0,79
50,1,12203-01,4,WBFR US 90 on ramp E of,EAST-WEST,17:15,PM,0,68
50,1,12203-01,4,WBFR US 90 on ramp E of,EAST-WEST,17:30,PM,0,74
50,1,12203-01,4,WBFR US 90 on ramp E of,EAST-WEST,17:45,PM,0,79
50,1,12203-01,4,WBFR US 90 on ramp E of,EAST-WEST,07:15,AM,0,54
50,1,12203-01,4,WBFR US 90 on ramp E of,EAST-WEST,07:30,AM,0,52
50,1,12203-01,4,WBFR US 90 on ramp E of,EAST-WEST,07:45,AM,0,54
50,1,12203-01,4,WBFR US 90 on ramp E of,EAST-WEST,08:00,AM,0,55
Thursday,2,12203-01,4,150,EAST-WEST,14:00,PM,0,39
Thursday,2,12203-01,4,150,EAST-WEST,14:15,PM,0,22
Thursday,2,12203-01,4,150,EAST-WEST,14:30,PM,0,48
Thursday,2,12203-01,4,150,EAST-WEST,14:45,PM,0,51
Thursday,2,12203-01,4,150,EAST-WEST,15:00,PM,0,68
Thursday,2,12203-01,4,150,EAST-WEST,15:15,PM,0,67
Thursday,2,12203-01,4,150,EAST-WEST,15:30,PM,0,68
Thursday,2,12203-01,4,150,EAST-WEST,15:45,PM,0,64
Thursday,2,12203-01,4,150,EAST-WEST,07:30,AM,0,41
Thursday,2,12203-01,4,150,EAST-WEST,07:45,AM,0,56
Thursday,2,12203-01,4,150,EAST-WEST,08:00,AM,0,38
Thursday,2,12203-01,4,150,EAST-WEST,08:15,AM,0,52
1000,1,12203-01,5,NO MATCH FOUND FOR: 'Location',EAST-WEST,14:00,PM,821,432
1000,1,12203-01,5,NO MATCH FOUND FOR: 'Location',EAST-WEST,14:15,PM,888,483
1000,1,12203-01,5,NO MATCH FOUND FOR: 'Location',EAST-WEST,14:30,PM,895,515
1000,1,12203-01,5,NO MATCH FOUND FOR: 'Location',EAST-WEST,14:45,PM,958,534
1000,1,12203-01,5,NO MATCH FOUND FOR: 'Location',EAST-WEST,16:30,PM,1335,880
1000,1,12203-01,5,NO MATCH FOUND FOR: 'Location',EAST-WEST,16:45,PM,1457,952
1000,1,12203-01,5,NO MATCH FOUND FOR: 'Location',EAST-WEST,17:00,PM,1522,1039
1000,1,12203-01,5,NO MATCH FOUND FOR: 'Location',EAST-WEST,17:15,PM,1394,856
1000,1,12203-01,5,NO MATCH FOUND FOR: 'Location',EAST-WEST,07:00,AM,1450,404
1000,1,12203-01,5,NO MATCH FOUND FOR: 'Location',EAST-WEST,07:15,AM,1576,431
1000,1,12203-01,5,NO MATCH FOUND FOR: 'Location',EAST-WEST,07:30,AM,1474,416
1000,1,12203-01,5,NO MATCH FOUND FOR: 'Location',EAST-WEST,07:45,AM,1353,412
1000,2,12203-01,5,NO MATCH FOUND FOR: 'Location',EAST-WEST,14:00,PM,865,447
1000,2,12203-01,5,NO MATCH FOUND FOR: 'Location',EAST-WEST,14:15,PM,979,563
1000,2,12203-01,5,NO MATCH FOUND FOR: 'Location',EAST-WEST,14:30,PM,1015,567
1000,2,12203-01,5,NO MATCH FOUND FOR: 'Location',EAST-WEST,14:45,PM,1083,653
1000,2,12203-01,5,NO MATCH FOUND FOR: 'Location',EAST-WEST,16:45,PM,1325,882
1000,2,12203-01,5,NO MATCH FOUND FOR: 'Location',EAST-WEST,17:00,PM,1331,865
1000,2,12203-01,5,NO MATCH FOUND FOR: 'Location',EAST-WEST,17:15,PM,1365,849
1000,2,12203-01,5,NO MATCH FOUND FOR: 'Location',EAST-WEST,17:30,PM,1435,876
1000,2,12203-01,5,NO MATCH FOUND FOR: 'Location',EAST-WEST,07:00,AM,1443,426
1000,2,12203-01,5,NO MATCH FOUND FOR: 'Location',EAST-WEST,07:15,AM,1529,418
1000,2,12203-01,5,NO MATCH FOUND FOR: 'Location',EAST-WEST,07:30,AM,1493,407
1000,2,12203-01,5,NO MATCH FOUND FOR: 'Location',EAST-WEST,07:45,AM,1391,415
Wednesday,1,12203-01,6,3,NORTH-SOUTH,12:00,PM,2,0
Wednesday,1,12203-01,6,3,NORTH-SOUTH,17:15,PM,1,0
Wednesday,1,12203-01,6,3,NORTH-SOUTH,17:30,PM,0,0
Wednesday,1,12203-01,6,3,NORTH-SOUTH,17:45,PM,1,0
Wednesday,1,12203-01,6,3,NORTH-SOUTH,18:00,PM,2,0
Wednesday,1,12203-01,6,3,NORTH-SOUTH,10:00,AM,1,0
Wednesday,1,12203-01,6,3,NORTH-SOUTH,10:15,AM,1,0
Wednesday,1,12203-01,6,3,NORTH-SOUTH,10:30,AM,0,0
Wednesday,1,12203-01,6,3,NORTH-SOUTH,10:45,AM,3,0
Wednesday,1,12203-01,6,3,NORTH-SOUTH,11:15,AM,1,0
Wednesday,1,12203-01,6,3,NORTH-SOUTH,11:30,AM,1,0
Wednesday,1,12203-01,6,3,NORTH-SOUTH,11:45,AM,0,0
Thursday,NO MATCH FOUND FOR: 'DayNum',12203-01,6,3,NORTH-SOUTH,16:45,PM,3,0
Thursday,NO MATCH FOUND FOR: 'DayNum',12203-01,6,3,NORTH-SOUTH,17:00,PM,2,0
Thursday,NO MATCH FOUND FOR: 'DayNum',12203-01,6,3,NORTH-SOUTH,17:15,PM,0,0
Thursday,NO MATCH FOUND FOR: 'DayNum',12203-01,6,3,NORTH-SOUTH,17:30,PM,0,0
Thursday,NO MATCH FOUND FOR: 'DayNum',12203-01,6,3,NORTH-SOUTH,07:30,AM,1,0
Thursday,NO MATCH FOUND FOR: 'DayNum',12203-01,6,3,NORTH-SOUTH,07:45,AM,0,0
Thursday,NO MATCH FOUND FOR: 'DayNum',12203-01,6,3,NORTH-SOUTH,08:00,AM,2,0
Thursday,NO MATCH FOUND FOR: 'DayNum',12203-01,6,3,NORTH-SOUTH,08:15,AM,2,0
Thursday,NO MATCH FOUND FOR: 'DayNum',12203-01,6,3,NORTH-SOUTH,11:00,AM,2,0
Thursday,NO MATCH FOUND FOR: 'DayNum',12203-01,6,3,NORTH-SOUTH,11:15,AM,0,0
Thursday,NO MATCH FOUND FOR: 'DayNum',12203-01,6,3,NORTH-SOUTH,11:30,AM,1,0
Thursday,NO MATCH FOUND FOR: 'DayNum',12203-01,6,3,NORTH-SOUTH,11:45,AM,2,0
2,1,12203-01,7,8,EAST-WEST,19:15,PM,5,0
2,1,12203-01,7,8,EAST-WEST,19:30,PM,3,0
2,1,12203-01,7,8,EAST-WEST,19:45,PM,3,0
2,1,12203-01,7,8,EAST-WEST,08:00,AM,3,0
2,1,12203-01,7,8,EAST-WEST,20:00,PM,4,0
2,1,12203-01,7,8,EAST-WEST,08:15,AM,0,0
2,1,12203-01,7,8,EAST-WEST,08:30,AM,6,0
2,1,12203-01,7,8,EAST-WEST,08:45,AM,3,0
2,1,12203-01,7,8,EAST-WEST,11:00,AM,2,0
2,1,12203-01,7,8,EAST-WEST,11:15,AM,5,0
2,1,12203-01,7,8,EAST-WEST,11:30,AM,3,0
2,1,12203-01,7,8,EAST-WEST,11:45,AM,2,0
1,2,12203-01,7,5,EAST-WEST,12:45,PM,2,0
1,2,12203-01,7,5,EAST-WEST,13:00,PM,1,0
1,2,12203-01,7,5,EAST-WEST,13:15,PM,1,0
1,2,12203-01,7,5,EAST-WEST,13:30,PM,4,0
1,2,12203-01,7,5,EAST-WEST,16:45,PM,4,0
1,2,12203-01,7,5,EAST-WEST,17:00,PM,4,0
1,2,12203-01,7,5,EAST-WEST,17:15,PM,1,0
1,2,12203-01,7,5,EAST-WEST,17:30,PM,2,0
1,2,12203-01,7,5,EAST-WEST,07:45,AM,1,0
1,2,12203-01,7,5,EAST-WEST,08:00,AM,4,0
1,2,12203-01,7,5,EAST-WEST,08:15,AM,1,0
1,2,12203-01,7,5,EAST-WEST,08:30,AM,2,0
100,17:15,NO MATCH FOUND FOR: 'Project_No',8,Old Hwy 90 W,EAST-WEST,14:00,PM,54,0
100,17:15,NO MATCH FOUND FOR: 'Project_No',8,Old Hwy 90 W,EAST-WEST,14:15,PM,69,0
100,17:15,NO MATCH FOUND FOR: 'Project_No',8,Old Hwy 90 W,EAST-WEST,14:30,PM,83,0
100,17:15,NO MATCH FOUND FOR: 'Project_No',8,Old Hwy 90 W,EAST-WEST,14:45,PM,62,0
100,17:15,NO MATCH FOUND FOR: 'Project_No',8,Old Hwy 90 W,EAST-WEST,17:15,PM,73,0
100,17:15,NO MATCH FOUND FOR: 'Project_No',8,Old Hwy 90 W,EAST-WEST,17:30,PM,84,0
100,17:15,NO MATCH FOUND FOR: 'Project_No',8,Old Hwy 90 W,EAST-WEST,17:45,PM,96,0
100,17:15,NO MATCH FOUND FOR: 'Project_No',8,Old Hwy 90 W,EAST-WEST,18:00,PM,81,0
100,17:15,NO MATCH FOUND FOR: 'Project_No',8,Old Hwy 90 W,EAST-WEST,07:00,AM,88,0
100,17:15,NO MATCH FOUND FOR: 'Project_No',8,Old Hwy 90 W,EAST-WEST,07:15,AM,110,0
100,17:15,NO MATCH FOUND FOR: 'Project_No',8,Old Hwy 90 W,EAST-WEST,07:30,AM,122,0
100,17:15,NO MATCH FOUND FOR: 'Project_No',8,Old Hwy 90 W,EAST-WEST,07:45,AM,120,0
100,NO MATCH FOUND FOR: 'DayNum',12203-01,8,Old Hwy 90 W,EAST-WEST,14:00,PM,56,0
100,NO MATCH FOUND FOR: 'DayNum',12203-01,8,Old Hwy 90 W,EAST-WEST,14:15,PM,71,0
100,NO MATCH FOUND FOR: 'DayNum',12203-01,8,Old Hwy 90 W,EAST-WEST,14:30,PM,84,0
100,NO MATCH FOUND FOR: 'DayNum',12203-01,8,Old Hwy 90 W,EAST-WEST,14:45,PM,64,0
100,NO MATCH FOUND FOR: 'DayNum',12203-01,8,Old Hwy 90 W,EAST-WEST,15:45,PM,78,0
100,NO MATCH FOUND FOR: 'DayNum',12203-01,8,Old Hwy 90 W,EAST-WEST,16:00,PM,97,0
100,NO MATCH FOUND FOR: 'DayNum',12203-01,8,Old Hwy 90 W,EAST-WEST,16:15,PM,81,0
100,NO MATCH FOUND FOR: 'DayNum',12203-01,8,Old Hwy 90 W,EAST-WEST,16:30,PM,80,0
100,NO MATCH FOUND FOR: 'DayNum',12203-01,8,Old Hwy 90 W,EAST-WEST,07:00,AM,100,0
100,NO MATCH FOUND FOR: 'DayNum',12203-01,8,Old Hwy 90 W,EAST-WEST,07:15,AM,108,0
100,NO MATCH FOUND FOR: 'DayNum',12203-01,8,Old Hwy 90 W,EAST-WEST,07:30,AM,106,0
100,NO MATCH FOUND FOR: 'DayNum',12203-01,8,Old Hwy 90 W,EAST-WEST,07:45,AM,119,0
100,1,12203-01,10,400,EAST-WEST,12:00,PM,0,123
100,1,12203-01,10,400,EAST-WEST,12:15,PM,0,126
100,1,12203-01,10,400,EAST-WEST,12:30,PM,0,146
100,1,12203-01,10,400,EAST-WEST,12:45,PM,0,139
100,1,12203-01,10,400,EAST-WEST,16:45,PM,0,182
100,1,12203-01,10,400,EAST-WEST,17:00,PM,0,211
100,1,12203-01,10,400,EAST-WEST,17:15,PM,0,197
100,1,12203-01,10,400,EAST-WEST,17:30,PM,0,191
100,1,12203-01,10,400,EAST-WEST,06:15,AM,0,147
100,1,12203-01,10,400,EAST-WEST,06:30,AM,0,139
100,1,12203-01,10,400,EAST-WEST,06:45,AM,0,135
100,1,12203-01,10,400,EAST-WEST,07:00,AM,0,128
100,2,12203-01,10,400,EAST-WEST,12:00,PM,0,139
100,2,12203-01,10,400,EAST-WEST,12:15,PM,0,113
100,2,12203-01,10,400,EAST-WEST,12:30,PM,0,150
100,2,12203-01,10,400,EAST-WEST,12:45,PM,0,141
100,2,12203-01,10,400,EAST-WEST,17:00,PM,0,177
100,2,12203-01,10,400,EAST-WEST,17:15,PM,0,188
100,2,12203-01,10,400,EAST-WEST,17:30,PM,0,180
100,2,12203-01,10,400,EAST-WEST,17:45,PM,0,195
100,2,12203-01,10,400,EAST-WEST,06:30,AM,0,160
100,2,12203-01,10,400,EAST-WEST,06:45,AM,0,156
100,2,12203-01,10,400,EAST-WEST,07:00,AM,0,146
100,2,12203-01,10,400,EAST-WEST,07:15,AM,0,165
Wednesday,1,12203-01,11,Callagham Rd,EAST-WEST,13:30,PM,0,40
Wednesday,1,12203-01,11,Callagham Rd,EAST-WEST,13:45,PM,0,33
Wednesday,1,12203-01,11,Callagham Rd,EAST-WEST,14:00,PM,0,31
Wednesday,1,12203-01,11,Callagham Rd,EAST-WEST,14:15,PM,0,36
Wednesday,1,12203-01,11,Callagham Rd,EAST-WEST,16:45,PM,0,68
Wednesday,1,12203-01,11,Callagham Rd,EAST-WEST,17:00,PM,0,73
Wednesday,1,12203-01,11,Callagham Rd,EAST-WEST,17:15,PM,0,57
Wednesday,1,12203-01,11,Callagham Rd,EAST-WEST,17:30,PM,0,62
Wednesday,1,12203-01,11,Callagham Rd,EAST-WEST,07:15,AM,0,30
Wednesday,1,12203-01,11,Callagham Rd,EAST-WEST,07:30,AM,0,35
Wednesday,1,12203-01,11,Callagham Rd,EAST-WEST,07:45,AM,0,51
Wednesday,1,12203-01,11,Callagham Rd,EAST-WEST,08:00,AM,0,45
50,2,12203-01,11,150,EAST-WEST,14:00,PM,0,36
50,2,12203-01,11,150,EAST-WEST,14:15,PM,0,32
50,2,12203-01,11,150,EAST-WEST,14:30,PM,0,35
50,2,12203-01,11,150,EAST-WEST,14:45,PM,0,39
50,2,12203-01,11,150,EAST-WEST,16:45,PM,0,73
50,2,12203-01,11,150,EAST-WEST,17:00,PM,0,91
50,2,12203-01,11,150,EAST-WEST,17:15,PM,0,65
50,2,12203-01,11,150,EAST-WEST,17:30,PM,0,76
50,2,12203-01,11,150,EAST-WEST,07:00,AM,0,37
50,2,12203-01,11,150,EAST-WEST,07:15,AM,0,29
50,2,12203-01,11,150,EAST-WEST,07:30,AM,0,41
50,2,12203-01,11,150,EAST-WEST,07:45,AM,0,44
100,16:45,12203-01,12,Callagham Rd,EAST-WEST,14:00,PM,32,0
100,16:45,12203-01,12,Callagham Rd,EAST-WEST,14:15,PM,41,0
100,16:45,12203-01,12,Callagham Rd,EAST-WEST,14:30,PM,41,0
100,16:45,12203-01,12,Callagham Rd,EAST-WEST,14:45,PM,44,0
100,16:45,12203-01,12,Callagham Rd,EAST-WEST,16:45,PM,39,0
100,16:45,12203-01,12,Callagham Rd,EAST-WEST,17:00,PM,38,0
100,16:45,12203-01,12,Callagham Rd,EAST-WEST,17:15,PM,47,0
100,16:45,12203-01,12,Callagham Rd,EAST-WEST,17:30,PM,48,0
100,16:45,12203-01,12,Callagham Rd,EAST-WEST,07:00,AM,110,0
100,16:45,12203-01,12,Callagham Rd,EAST-WEST,07:15,AM,107,0
100,16:45,12203-01,12,Callagham Rd,EAST-WEST,07:30,AM,110,0
100,16:45,12203-01,12,Callagham Rd,EAST-WEST,07:45,AM,102,0
100,NO MATCH FOUND FOR: 'DayNum',12203-01,12,Callagham Rd,EAST-WEST,12:45,PM,43,0
100,NO MATCH FOUND FOR: 'DayNum',12203-01,12,Callagham Rd,EAST-WEST,13:00,PM,45,0
100,NO MATCH FOUND FOR: 'DayNum',12203-01,12,Callagham Rd,EAST-WEST,13:15,PM,53,0
100,NO MATCH FOUND FOR: 'DayNum',12203-01,12,Callagham Rd,EAST-WEST,13:30,PM,53,0
100,NO MATCH FOUND FOR: 'DayNum',12203-01,12,Callagham Rd,EAST-WEST,18:00,PM,56,0
100,NO MATCH FOUND FOR: 'DayNum',12203-01,12,Callagham Rd,EAST-WEST,18:15,PM,44,0
100,NO MATCH FOUND FOR: 'DayNum',12203-01,12,Callagham Rd,EAST-WEST,18:30,PM,70,0
100,NO MATCH FOUND FOR: 'DayNum',12203-01,12,Callagham Rd,EAST-WEST,18:45,PM,61,0
100,NO MATCH FOUND FOR: 'DayNum',12203-01,12,Callagham Rd,EAST-WEST,07:00,AM,99,0
100,NO MATCH FOUND FOR: 'DayNum',12203-01,12,Callagham Rd,EAST-WEST,07:15,AM,100,0
100,NO MATCH FOUND FOR: 'DayNum',12203-01,12,Callagham Rd,EAST-WEST,07:30,AM,126,0
100,NO MATCH FOUND FOR: 'DayNum',12203-01,12,Callagham Rd,EAST-WEST,07:45,AM,107,0
September 21 2022,16:45,12203-01,13,of Callagham Rd,EAST-WEST,14:00,PM,0,40
September 21 2022,16:45,12203-01,13,of Callagham Rd,EAST-WEST,14:15,PM,0,23
September 21 2022,16:45,12203-01,13,of Callagham Rd,EAST-WEST,14:30,PM,0,40
September 21 2022,16:45,12203-01,13,of Callagham Rd,EAST-WEST,14:45,PM,0,35
September 21 2022,16:45,12203-01,13,of Callagham Rd,EAST-WEST,16:45,PM,0,33
September 21 2022,16:45,12203-01,13,of Callagham Rd,EAST-WEST,17:00,PM,0,72
September 21 2022,16:45,12203-01,13,of Callagham Rd,EAST-WEST,17:15,PM,0,24
September 21 2022,16:45,12203-01,13,of Callagham Rd,EAST-WEST,17:30,PM,0,32
September 21 2022,16:45,12203-01,13,of Callagham Rd,EAST-WEST,06:00,AM,0,35
September 21 2022,16:45,12203-01,13,of Callagham Rd,EAST-WEST,06:15,AM,0,61
September 21 2022,16:45,12203-01,13,of Callagham Rd,EAST-WEST,06:30,AM,0,18
September 21 2022,16:45,12203-01,13,of Callagham Rd,EAST-WEST,06:45,AM,0,17
September 22 2022,NO MATCH FOUND FOR: 'DayNum',12203-01,13,of Callagham Rd,EAST-WEST,14:00,PM,0,33
September 22 2022,NO MATCH FOUND FOR: 'DayNum',12203-01,13,of Callagham Rd,EAST-WEST,14:15,PM,0,34
September 22 2022,NO MATCH FOUND FOR: 'DayNum',12203-01,13,of Callagham Rd,EAST-WEST,14:30,PM,0,34
September 22 2022,NO MATCH FOUND FOR: 'DayNum',12203-01,13,of Callagham Rd,EAST-WEST,14:45,PM,0,32
September 22 2022,NO MATCH FOUND FOR: 'DayNum',12203-01,13,of Callagham Rd,EAST-WEST,06:00,AM,0,35
September 22 2022,NO MATCH FOUND FOR: 'DayNum',12203-01,13,of Callagham Rd,EAST-WEST,06:15,AM,0,61
September 22 2022,NO MATCH FOUND FOR: 'DayNum',12203-01,13,of Callagham Rd,EAST-WEST,18:15,PM,0,74
September 22 2022,NO MATCH FOUND FOR: 'DayNum',12203-01,13,of Callagham Rd,EAST-WEST,06:30,AM,0,15
September 22 2022,NO MATCH FOUND FOR: 'DayNum',12203-01,13,of Callagham Rd,EAST-WEST,18:30,PM,0,93
September 22 2022,NO MATCH FOUND FOR: 'DayNum',12203-01,13,of Callagham Rd,EAST-WEST,06:45,AM,0,21
September 22 2022,NO MATCH FOUND FOR: 'DayNum',12203-01,13,of Callagham Rd,EAST-WEST,18:45,PM,0,88
September 22 2022,NO MATCH FOUND FOR: 'DayNum',12203-01,13,of Callagham Rd,EAST-WEST,19:00,PM,0,53
September 21 2022,15:00,12203-01,14,Callagham d,EAST-WEST,14:00,PM,15,0
September 21 2022,15:00,12203-01,14,Callagham d,EAST-WEST,14:15,PM,18,0
September 21 2022,15:00,12203-01,14,Callagham d,EAST-WEST,14:30,PM,22,0
September 21 2022,15:00,12203-01,14,Callagham d,EAST-WEST,14:45,PM,26,0
September 21 2022,15:00,12203-01,14,Callagham d,EAST-WEST,15:00,PM,57,0
September 21 2022,15:00,12203-01,14,Callagham d,EAST-WEST,15:15,PM,44,0
September 21 2022,15:00,12203-01,14,Callagham d,EAST-WEST,15:30,PM,19,0
September 21 2022,15:00,12203-01,14,Callagham d,EAST-WEST,15:45,PM,16,0
September 21 2022,15:00,12203-01,14,Callagham d,EAST-WEST,06:45,AM,34,0
September 21 2022,15:00,12203-01,14,Callagham d,EAST-WEST,07:00,AM,31,0
September 21 2022,15:00,12203-01,14,Callagham d,EAST-WEST,07:15,AM,36,0
September 21 2022,15:00,12203-01,14,Callagham d,EAST-WEST,07:30,AM,29,0
50,NO MATCH FOUND FOR: 'DayNum',12203-01,14,Callagham d,EAST-WEST,14:00,PM,17,0
50,NO MATCH FOUND FOR: 'DayNum',12203-01,14,Callagham d,EAST-WEST,14:15,PM,18,0
50,NO MATCH FOUND FOR: 'DayNum',12203-01,14,Callagham d,EAST-WEST,14:30,PM,18,0
50,NO MATCH FOUND FOR: 'DayNum',12203-01,14,Callagham d,EAST-WEST,14:45,PM,26,0
50,NO MATCH FOUND FOR: 'DayNum',12203-01,14,Callagham d,EAST-WEST,15:00,PM,52,0
50,NO MATCH FOUND FOR: 'DayNum',12203-01,14,Callagham d,EAST-WEST,15:15,PM,42,0
50,NO MATCH FOUND FOR: 'DayNum',12203-01,14,Callagham d,EAST-WEST,15:30,PM,20,0
50,NO MATCH FOUND FOR: 'DayNum',12203-01,14,Callagham d,EAST-WEST,15:45,PM,23,0
50,NO MATCH FOUND FOR: 'DayNum',12203-01,14,Callagham d,EAST-WEST,07:30,AM,35,0
50,NO MATCH FOUND FOR: 'DayNum',12203-01,14,Callagham d,EAST-WEST,07:45,AM,19,0
50,NO MATCH FOUND FOR: 'DayNum',12203-01,14,Callagham d,EAST-WEST,08:00,AM,27,0
50,NO MATCH FOUND FOR: 'DayNum',12203-01,14,Callagham d,EAST-WEST,08:15,AM,37,0
September 21 2022,NO MATCH FOUND FOR: 'DayNum',12203-01,15,Acme Rd,EAST-WEST,14:00,PM,0,108
September 21 2022,NO MATCH FOUND FOR: 'DayNum',12203-01,15,Acme Rd,EAST-WEST,14:15,PM,0,124
September 21 2022,NO MATCH FOUND FOR: 'DayNum',12203-01,15,Acme Rd,EAST-WEST,14:30,PM,0,122
September 21 2022,NO MATCH FOUND FOR: 'DayNum',12203-01,15,Acme Rd,EAST-WEST,14:45,PM,0,130
September 21 2022,NO MATCH FOUND FOR: 'DayNum',12203-01,15,Acme Rd,EAST-WEST,15:15,PM,0,163
September 21 2022,NO MATCH FOUND FOR: 'DayNum',12203-01,15,Acme Rd,EAST-WEST,15:30,PM,0,195
September 21 2022,NO MATCH FOUND FOR: 'DayNum',12203-01,15,Acme Rd,EAST-WEST,15:45,PM,0,167
September 21 2022,NO MATCH FOUND FOR: 'DayNum',12203-01,15,Acme Rd,EAST-WEST,16:00,PM,0,164
September 21 2022,NO MATCH FOUND FOR: 'DayNum',12203-01,15,Acme Rd,EAST-WEST,07:00,AM,0,82
September 21 2022,NO MATCH FOUND FOR: 'DayNum',12203-01,15,Acme Rd,EAST-WEST,07:15,AM,0,76
September 21 2022,NO MATCH FOUND FOR: 'DayNum',12203-01,15,Acme Rd,EAST-WEST,07:30,AM,0,84
September 21 2022,NO MATCH FOUND FOR: 'DayNum',12203-01,15,Acme Rd,EAST-WEST,07:45,AM,0,76
September 22 2022,NO MATCH FOUND FOR: 'DayNum',12203-01,15,Acme Rd,EAST-WEST,14:00,PM,0,105
September 22 2022,NO MATCH FOUND FOR: 'DayNum',12203-01,15,Acme Rd,EAST-WEST,14:15,PM,0,133
September 22 2022,NO MATCH FOUND FOR: 'DayNum',12203-01,15,Acme Rd,EAST-WEST,14:30,PM,0,120
September 22 2022,NO MATCH FOUND FOR: 'DayNum',12203-01,15,Acme Rd,EAST-WEST,14:45,PM,0,125
September 22 2022,NO MATCH FOUND FOR: 'DayNum',12203-01,15,Acme Rd,EAST-WEST,15:45,PM,0,153
September 22 2022,NO MATCH FOUND FOR: 'DayNum',12203-01,15,Acme Rd,EAST-WEST,16:00,PM,0,192
September 22 2022,NO MATCH FOUND FOR: 'DayNum',12203-01,15,Acme Rd,EAST-WEST,16:15,PM,0,197
September 22 2022,NO MATCH FOUND FOR: 'DayNum',12203-01,15,Acme Rd,EAST-WEST,16:30,PM,0,168
September 22 2022,NO MATCH FOUND FOR: 'DayNum',12203-01,15,Acme Rd,EAST-WEST,07:00,AM,0,90
September 22 2022,NO MATCH FOUND FOR: 'DayNum',12203-01,15,Acme Rd,EAST-WEST,07:15,AM,0,72
September 22 2022,NO MATCH FOUND FOR: 'DayNum',12203-01,15,Acme Rd,EAST-WEST,07:30,AM,0,80
September 22 2022,NO MATCH FOUND FOR: 'DayNum',12203-01,15,Acme Rd,EAST-WEST,07:45,AM,0,92
100,1,12203-01,16,400,EAST-WEST,13:15,PM,92,0
100,1,12203-01,16,400,EAST-WEST,13:30,PM,95,0
100,1,12203-01,16,400,EAST-WEST,13:45,PM,102,0
100,1,12203-01,16,400,EAST-WEST,14:00,PM,98,0
100,1,12203-01,16,400,EAST-WEST,17:15,PM,72,0
100,1,12203-01,16,400,EAST-WEST,17:30,PM,81,0
100,1,12203-01,16,400,EAST-WEST,17:45,PM,88,0
100,1,12203-01,16,400,EAST-WEST,18:00,PM,83,0
100,1,12203-01,16,400,EAST-WEST,07:15,AM,147,0
100,1,12203-01,16,400,EAST-WEST,07:30,AM,199,0
100,1,12203-01,16,400,EAST-WEST,07:45,AM,236,0
100,1,12203-01,16,400,EAST-WEST,08:00,AM,147,0
100,2,12203-01,16,NO MATCH FOUND FOR: 'Location',EAST-WEST,13:45,PM,68,0
100,2,12203-01,16,NO MATCH FOUND FOR: 'Location',EAST-WEST,14:00,PM,80,0
100,2,12203-01,16,NO MATCH FOUND FOR: 'Location',EAST-WEST,14:15,PM,78,0
100,2,12203-01,16,NO MATCH FOUND FOR: 'Location',EAST-WEST,14:30,PM,81,0
100,2,12203-01,16,NO MATCH FOUND FOR: 'Location',EAST-WEST,16:30,PM,61,0
100,2,12203-01,16,NO MATCH FOUND FOR: 'Location',EAST-WEST,16:45,PM,65,0
100,2,12203-01,16,NO MATCH FOUND FOR: 'Location',EAST-WEST,17:00,PM,58,0
100,2,12203-01,16,NO MATCH FOUND FOR: 'Location',EAST-WEST,17:15,PM,83,0
100,2,12203-01,16,NO MATCH FOUND FOR: 'Location',EAST-WEST,07:15,AM,146,0
100,2,12203-01,16,NO MATCH FOUND FOR: 'Location',EAST-WEST,07:30,AM,180,0
100,2,12203-01,16,NO MATCH FOUND FOR: 'Location',EAST-WEST,07:45,AM,205,0
100,2,12203-01,16,NO MATCH FOUND FOR: 'Location',EAST-WEST,08:00,AM,136,0
500,1,12203-01,17,2000,EAST-WEST,14:00,PM,462,0
500,1,12203-01,17,2000,EAST-WEST,14:15,PM,530,0
500,1,12203-01,17,2000,EAST-WEST,14:30,PM,495,0
500,1,12203-01,17,2000,EAST-WEST,14:45,PM,504,0
500,1,12203-01,17,2000,EAST-WEST,16:45,PM,775,0
500,1,12203-01,17,2000,EAST-WEST,17:00,PM,867,0
500,1,12203-01,17,2000,EAST-WEST,17:15,PM,932,0
500,1,12203-01,17,2000,EAST-WEST,17:30,PM,837,0
500,1,12203-01,17,2000,EAST-WEST,06:30,AM,821,0
500,1,12203-01,17,2000,EAST-WEST,06:45,AM,818,0
500,1,12203-01,17,2000,EAST-WEST,07:00,AM,917,0
500,1,12203-01,17,2000,EAST-WEST,07:15,AM,914,0
500,2,12203-01,17,2000,EAST-WEST,14:00,PM,343,0
500,2,12203-01,17,2000,EAST-WEST,14:15,PM,365,0
500,2,12203-01,17,2000,EAST-WEST,14:30,PM,546,0
500,2,12203-01,17,2000,EAST-WEST,14:45,PM,525,0
500,2,12203-01,17,2000,EAST-WEST,17:00,PM,792,0
500,2,12203-01,17,2000,EAST-WEST,17:15,PM,838,0
500,2,12203-01,17,2000,EAST-WEST,17:30,PM,775,0
500,2,12203-01,17,2000,EAST-WEST,17:45,PM,747,0
500,2,12203-01,17,2000,EAST-WEST,06:30,AM,866,0
500,2,12203-01,17,2000,EAST-WEST,06:45,AM,813,0
500,2,12203-01,17,2000,EAST-WEST,07:00,AM,921,0
500,2,12203-01,17,2000,EAST-WEST,07:15,AM,932,0
500,1,12203-01,18,2000,EAST-WEST,14:00,PM,0,592
500,1,12203-01,18,2000,EAST-WEST,14:15,PM,0,708
500,1,12203-01,18,2000,EAST-WEST,14:30,PM,0,665
500,1,12203-01,18,2000,EAST-WEST,14:45,PM,0,721
500,1,12203-01,18,2000,EAST-WEST,15:45,PM,0,943
500,1,12203-01,18,2000,EAST-WEST,16:00,PM,0,1035
500,1,12203-01,18,2000,EAST-WEST,16:15,PM,0,996
500,1,12203-01,18,2000,EAST-WEST,16:30,PM,0,950
500,1,12203-01,18,2000,EAST-WEST,07:15,AM,0,724
500,1,12203-01,18,2000,EAST-WEST,07:30,AM,0,731
500,1,12203-01,18,2000,EAST-WEST,07:45,AM,0,712
500,1,12203-01,18,2000,EAST-WEST,08:00,AM,0,601
500,2,12203-01,18,2000,EAST-WEST,14:00,PM,0,674
500,2,12203-01,18,2000,EAST-WEST,14:15,PM,0,692
500,2,12203-01,18,2000,EAST-WEST,14:30,PM,0,738
500,2,12203-01,18,2000,EAST-WEST,14:45,PM,0,714
500,2,12203-01,18,2000,EAST-WEST,15:45,PM,0,946
500,2,12203-01,18,2000,EAST-WEST,16:00,PM,0,919
500,2,12203-01,18,2000,EAST-WEST,16:15,PM,0,970
500,2,12203-01,18,2000,EAST-WEST,16:30,PM,0,991
500,2,12203-01,18,2000,EAST-WEST,07:15,AM,0,667
500,2,12203-01,18,2000,EAST-WEST,07:30,AM,0,676
500,2,12203-01,18,2000,EAST-WEST,07:45,AM,0,704
500,2,12203-01,18,2000,EAST-WEST,08:00,AM,0,595
100,1,12203-01,20,NO MATCH FOUND FOR: 'Location',EAST-WEST,13:30,PM,73,0
100,1,12203-01,20,NO MATCH FOUND FOR: 'Location',EAST-WEST,13:45,PM,84,0
100,1,12203-01,20,NO MATCH FOUND FOR: 'Location',EAST-WEST,14:00,PM,72,0
100,1,12203-01,20,NO MATCH FOUND FOR: 'Location',EAST-WEST,14:15,PM,59,0
100,1,12203-01,20,NO MATCH FOUND FOR: 'Location',EAST-WEST,17:45,PM,62,0
100,1,12203-01,20,NO MATCH FOUND FOR: 'Location',EAST-WEST,18:00,PM,67,0
100,1,12203-01,20,NO MATCH FOUND FOR: 'Location',EAST-WEST,18:15,PM,67,0
100,1,12203-01,20,NO MATCH FOUND FOR: 'Location',EAST-WEST,18:30,PM,59,0
100,1,12203-01,20,NO MATCH FOUND FOR: 'Location',EAST-WEST,07:00,AM,120,0
100,1,12203-01,20,NO MATCH FOUND FOR: 'Location',EAST-WEST,07:15,AM,147,0
100,1,12203-01,20,NO MATCH FOUND FOR: 'Location',EAST-WEST,07:30,AM,181,0
100,1,12203-01,20,NO MATCH FOUND FOR: 'Location',EAST-WEST,07:45,AM,193,0
100,2,12203-01,20,NO MATCH FOUND FOR: 'Location',EAST-WEST,13:30,PM,62,0
100,2,12203-01,20,NO MATCH FOUND FOR: 'Location',EAST-WEST,13:45,PM,58,0
100,2,12203-01,20,NO MATCH FOUND FOR: 'Location',EAST-WEST,14:00,PM,64,0
100,2,12203-01,20,NO MATCH FOUND FOR: 'Location',EAST-WEST,14:15,PM,72,0
100,2,12203-01,20,NO MATCH FOUND FOR: 'Location',EAST-WEST,17:45,PM,58,0
100,2,12203-01,20,NO MATCH FOUND FOR: 'Location',EAST-WEST,18:00,PM,64,0
100,2,12203-01,20,NO MATCH FOUND FOR: 'Location',EAST-WEST,18:15,PM,59,0
100,2,12203-01,20,NO MATCH FOUND FOR: 'Location',EAST-WEST,18:30,PM,62,0
100,2,12203-01,20,NO MATCH FOUND FOR: 'Location',EAST-WEST,07:00,AM,122,0
100,2,12203-01,20,NO MATCH FOUND FOR: 'Location',EAST-WEST,07:15,AM,152,0
100,2,12203-01,20,NO MATCH FOUND FOR: 'Location',EAST-WEST,07:30,AM,162,0
100,2,12203-01,20,NO MATCH FOUND FOR: 'Location',EAST-WEST,07:45,AM,194,0
Wednesday,1,12203-01,21,300,EAST-WEST,14:00,PM,0,71
Wednesday,1,12203-01,21,300,EAST-WEST,14:15,PM,0,122
Wednesday,1,12203-01,21,300,EAST-WEST,14:30,PM,0,94
Wednesday,1,12203-01,21,300,EAST-WEST,14:45,PM,0,107
Wednesday,1,12203-01,21,300,EAST-WEST,18:00,PM,0,119
Wednesday,1,12203-01,21,300,EAST-WEST,18:15,PM,0,135
Wednesday,1,12203-01,21,300,EAST-WEST,18:30,PM,0,129
Wednesday,1,12203-01,21,300,EAST-WEST,18:45,PM,0,119
Wednesday,1,12203-01,21,300,EAST-WEST,07:15,AM,0,133
Wednesday,1,12203-01,21,300,EAST-WEST,07:30,AM,0,110
Wednesday,1,12203-01,21,300,EAST-WEST,07:45,AM,0,139
Wednesday,1,12203-01,21,300,EAST-WEST,08:00,AM,0,107
Thursday,2,12203-01,21,300,EAST-WEST,14:00,PM,0,92
Thursday,2,12203-01,21,300,EAST-WEST,14:15,PM,0,97
Thursday,2,12203-01,21,300,EAST-WEST,14:30,PM,0,117
Thursday,2,12203-01,21,300,EAST-WEST,14:45,PM,0,97
Thursday,2,12203-01,21,300,EAST-WEST,15:15,PM,0,106
Thursday,2,12203-01,21,300,EAST-WEST,15:30,PM,0,129
Thursday,2,12203-01,21,300,EAST-WEST,15:45,PM,0,115
Thursday,2,12203-01,21,300,EAST-WEST,16:00,PM,0,118
Thursday,2,12203-01,21,300,EAST-WEST,07:00,AM,0,120
Thursday,2,12203-01,21,300,EAST-WEST,07:15,AM,0,115
Thursday,2,12203-01,21,300,EAST-WEST,07:30,AM,0,130
Thursday,2,12203-01,21,300,EAST-WEST,07:45,AM,0,140
200,15:30,12203-01,22,of SW 36th St,EAST-WEST,14:00,PM,167,0
200,15:30,12203-01,22,of SW 36th St,EAST-WEST,14:15,PM,160,0
200,15:30,12203-01,22,of SW 36th St,EAST-WEST,14:30,PM,161,0
200,15:30,12203-01,22,of SW 36th St,EAST-WEST,14:45,PM,149,0
200,15:30,12203-01,22,of SW 36th St,EAST-WEST,15:30,PM,223,0
200,15:30,12203-01,22,of SW 36th St,EAST-WEST,15:45,PM,215,0
200,15:30,12203-01,22,of SW 36th St,EAST-WEST,16:00,PM,244,0
200,15:30,12203-01,22,of SW 36th St,EAST-WEST,16:15,PM,221,0
200,15:30,12203-01,22,of SW 36th St,EAST-WEST,07:15,AM,151,0
200,15:30,12203-01,22,of SW 36th St,EAST-WEST,07:30,AM,161,0
200,15:30,12203-01,22,of SW 36th St,EAST-WEST,07:45,AM,161,0
200,15:30,12203-01,22,of SW 36th St,EAST-WEST,08:00,AM,145,0
200,NO MATCH FOUND FOR: 'DayNum',12203-01,22,400,EAST-WEST,14:00,PM,140,0
200,NO MATCH FOUND FOR: 'DayNum',12203-01,22,400,EAST-WEST,14:15,PM,162,0
200,NO MATCH FOUND FOR: 'DayNum',12203-01,22,400,EAST-WEST,14:30,PM,179,0
200,NO MATCH FOUND FOR: 'DayNum',12203-01,22,400,EAST-WEST,14:45,PM,154,0
200,NO MATCH FOUND FOR: 'DayNum',12203-01,22,400,EAST-WEST,15:30,PM,227,0
200,NO MATCH FOUND FOR: 'DayNum',12203-01,22,400,EAST-WEST,15:45,PM,203,0
200,NO MATCH FOUND FOR: 'DayNum',12203-01,22,400,EAST-WEST,16:00,PM,236,0
200,NO MATCH FOUND FOR: 'DayNum',12203-01,22,400,EAST-WEST,16:15,PM,236,0
200,NO MATCH FOUND FOR: 'DayNum',12203-01,22,400,EAST-WEST,07:15,AM,138,0
200,NO MATCH FOUND FOR: 'DayNum',12203-01,22,400,EAST-WEST,07:30,AM,149,0
200,NO MATCH FOUND FOR: 'DayNum',12203-01,22,400,EAST-WEST,07:45,AM,144,0
200,NO MATCH FOUND FOR: 'DayNum',12203-01,22,400,EAST-WEST,08:00,AM,143,0
100,16:45,12203-01,24,General McMullen,EAST-WEST,14:00,PM,0,58
100,16:45,12203-01,24,General McMullen,EAST-WEST,14:15,PM,0,97
100,16:45,12203-01,24,General McMullen,EAST-WEST,14:30,PM,0,83
100,16:45,12203-01,24,General McMullen,EAST-WEST,14:45,PM,0,83
100,16:45,12203-01,24,General McMullen,EAST-WEST,16:45,PM,0,135
100,16:45,12203-01,24,General McMullen,EAST-WEST,17:00,PM,0,111
100,16:45,12203-01,24,General McMullen,EAST-WEST,17:15,PM,0,125
100,16:45,12203-01,24,General McMullen,EAST-WEST,17:30,PM,0,127
100,16:45,12203-01,24,General McMullen,EAST-WEST,07:00,AM,0,71
100,16:45,12203-01,24,General McMullen,EAST-WEST,07:15,AM,0,74
100,16:45,12203-01,24,General McMullen,EAST-WEST,07:30,AM,0,109
100,16:45,12203-01,24,General McMullen,EAST-WEST,07:45,AM,0,91
September 22 2022,NO MATCH FOUND FOR: 'DayNum',12203-01,24,General McMullen,EAST-WEST,14:00,PM,0,79
September 22 2022,NO MATCH FOUND FOR: 'DayNum',12203-01,24,General McMullen,EAST-WEST,14:15,PM,0,75
September 22 2022,NO MATCH FOUND FOR: 'DayNum',12203-01,24,General McMullen,EAST-WEST,14:30,PM,0,95
September 22 2022,NO MATCH FOUND FOR: 'DayNum',12203-01,24,General McMullen,EAST-WEST,14:45,PM,0,87
September 22 2022,NO MATCH FOUND FOR: 'DayNum',12203-01,24,General McMullen,EAST-WEST,16:45,PM,0,118
September 22 2022,NO MATCH FOUND FOR: 'DayNum',12203-01,24,General McMullen,EAST-WEST,17:00,PM,0,147
September 22 2022,NO MATCH FOUND FOR: 'DayNum',12203-01,24,General McMullen,EAST-WEST,17:15,PM,0,117
September 22 2022,NO MATCH FOUND FOR: 'DayNum',12203-01,24,General McMullen,EAST-WEST,17:30,PM,0,135
September 22 2022,NO MATCH FOUND FOR: 'DayNum',12203-01,24,General McMullen,EAST-WEST,07:00,AM,0,71
September 22 2022,NO MATCH FOUND FOR: 'DayNum',12203-01,24,General McMullen,EAST-WEST,07:15,AM,0,99
September 22 2022,NO MATCH FOUND FOR: 'DayNum',12203-01,24,General McMullen,EAST-WEST,07:30,AM,0,105
September 22 2022,NO MATCH FOUND FOR: 'DayNum',12203-01,24,General McMullen,EAST-WEST,07:45,AM,0,77
September 21 2022,15:15,NO MATCH FOUND FOR: 'Project_No',25,McMullen N of US 90,NORTH-SOUTH,12:15,PM,0,4
September 21 2022,15:15,NO MATCH FOUND FOR: 'Project_No',25,McMullen N of US 90,NORTH-SOUTH,12:30,PM,0,5
September 21 2022,15:15,NO MATCH FOUND FOR: 'Project_No',25,McMullen N of US 90,NORTH-SOUTH,12:45,PM,0,5
September 21 2022,15:15,NO MATCH FOUND FOR: 'Project_No',25,McMullen N of US 90,NORTH-SOUTH,13:00,PM,0,9
September 21 2022,15:15,NO MATCH FOUND FOR: 'Project_No',25,McMullen N of US 90,NORTH-SOUTH,15:15,PM,0,6
September 21 2022,15:15,NO MATCH FOUND FOR: 'Project_No',25,McMullen N of US 90,NORTH-SOUTH,15:30,PM,0,3
September 21 2022,15:15,NO MATCH FOUND FOR: 'Project_No',25,McMullen N of US 90,NORTH-SOUTH,15:45,PM,0,11
September 21 2022,15:15,NO MATCH FOUND FOR: 'Project_No',25,McMullen N of US 90,NORTH-SOUTH,16:00,PM,0,6
September 21 2022,15:15,NO MATCH FOUND FOR: 'Project_No',25,McMullen N of US 90,NORTH-SOUTH,07:30,AM,0,5
September 21 2022,15:15,NO MATCH FOUND FOR: 'Project_No',25,McMullen N of US 90,NORTH-SOUTH,07:45,AM,0,6
September 21 2022,15:15,NO MATCH FOUND FOR: 'Project_No',25,McMullen N of US 90,NORTH-SOUTH,08:00,AM,0,6
September 21 2022,15:15,NO MATCH FOUND FOR: 'Project_No',25,McMullen N of US 90,NORTH-SOUTH,08:15,AM,0,4
September 22 2022,NO MATCH FOUND FOR: 'DayNum',12203-01,25,15,NORTH-SOUTH,14:00,PM,0,7
September 22 2022,NO MATCH FOUND FOR: 'DayNum',12203-01,25,15,NORTH-SOUTH,14:15,PM,0,7
September 22 2022,NO MATCH FOUND FOR: 'DayNum',12203-01,25,15,NORTH-SOUTH,14:30,PM,0,7
September 22 2022,NO MATCH FOUND FOR: 'DayNum',12203-01,25,15,NORTH-SOUTH,14:45,PM,0,10
September 22 2022,NO MATCH FOUND FOR: 'DayNum',12203-01,25,15,NORTH-SOUTH,15:30,PM,0,8
September 22 2022,NO MATCH FOUND FOR: 'DayNum',12203-01,25,15,NORTH-SOUTH,15:45,PM,0,10
September 22 2022,NO MATCH FOUND FOR: 'DayNum',12203-01,25,15,NORTH-SOUTH,16:00,PM,0,8
September 22 2022,NO MATCH FOUND FOR: 'DayNum',12203-01,25,15,NORTH-SOUTH,16:15,PM,0,4
September 22 2022,NO MATCH FOUND FOR: 'DayNum',12203-01,25,15,NORTH-SOUTH,09:00,AM,0,6
September 22 2022,NO MATCH FOUND FOR: 'DayNum',12203-01,25,15,NORTH-SOUTH,09:15,AM,0,5
September 22 2022,NO MATCH FOUND FOR: 'DayNum',12203-01,25,15,NORTH-SOUTH,09:30,AM,0,5
September 22 2022,NO MATCH FOUND FOR: 'DayNum',12203-01,25,15,NORTH-SOUTH,09:45,AM,0,8
September 21 2022,NO MATCH FOUND FOR: 'DayNum',12203-01,26,General McMullen Dr,EAST-WEST,13:00,PM,113,0
September 21 2022,NO MATCH FOUND FOR: 'DayNum',12203-01,26,General McMullen Dr,EAST-WEST,13:15,PM,98,0
September 21 2022,NO MATCH FOUND FOR: 'DayNum',12203-01,26,General McMullen Dr,EAST-WEST,13:30,PM,135,0
September 21 2022,NO MATCH FOUND FOR: 'DayNum',12203-01,26,General McMullen Dr,EAST-WEST,13:45,PM,122,0
September 21 2022,NO MATCH FOUND FOR: 'DayNum',12203-01,26,General McMullen Dr,EAST-WEST,17:00,PM,151,0
September 21 2022,NO MATCH FOUND FOR: 'DayNum',12203-01,26,General McMullen Dr,EAST-WEST,17:15,PM,155,0
September 21 2022,NO MATCH FOUND FOR: 'DayNum',12203-01,26,General McMullen Dr,EAST-WEST,17:30,PM,143,0
September 21 2022,NO MATCH FOUND FOR: 'DayNum',12203-01,26,General McMullen Dr,EAST-WEST,17:45,PM,126,0
September 21 2022,NO MATCH FOUND FOR: 'DayNum',12203-01,26,General McMullen Dr,EAST-WEST,06:30,AM,138,0
September 21 2022,NO MATCH FOUND FOR: 'DayNum',12203-01,26,General McMullen Dr,EAST-WEST,06:45,AM,129,0
September 21 2022,NO MATCH FOUND FOR: 'DayNum',12203-01,26,General McMullen Dr,EAST-WEST,07:00,AM,146,0
September 21 2022,NO MATCH FOUND FOR: 'DayNum',12203-01,26,General McMullen Dr,EAST-WEST,07:15,AM,128,0
September 22 2022,NO MATCH FOUND FOR: 'DayNum',12203-01,26,General McMullen Dr,EAST-WEST,14:00,PM,118,0
September 22 2022,NO MATCH FOUND FOR: 'DayNum',12203-01,26,General McMullen Dr,EAST-WEST,14:15,PM,115,0
September 22 2022,NO MATCH FOUND FOR: 'DayNum',12203-01,26,General McMullen Dr,EAST-WEST,14:30,PM,131,0
September 22 2022,NO MATCH FOUND FOR: 'DayNum',12203-01,26,General McMullen Dr,EAST-WEST,14:45,PM,136,0
September 22 2022,NO MATCH FOUND FOR: 'DayNum',12203-01,26,General McMullen Dr,EAST-WEST,17:00,PM,151,0
September 22 2022,NO MATCH FOUND FOR: 'DayNum',12203-01,26,General McMullen Dr,EAST-WEST,17:15,PM,160,0
September 22 2022,NO MATCH FOUND FOR: 'DayNum',12203-01,26,General McMullen Dr,EAST-WEST,17:30,PM,153,0
September 22 2022,NO MATCH FOUND FOR: 'DayNum',12203-01,26,General McMullen Dr,EAST-WEST,17:45,PM,139,0
September 22 2022,NO MATCH FOUND FOR: 'DayNum',12203-01,26,General McMullen Dr,EAST-WEST,06:30,AM,146,0
September 22 2022,NO MATCH FOUND FOR: 'DayNum',12203-01,26,General McMullen Dr,EAST-WEST,06:45,AM,140,0
September 22 2022,NO MATCH FOUND FOR: 'DayNum',12203-01,26,General McMullen Dr,EAST-WEST,07:00,AM,139,0
September 22 2022,NO MATCH FOUND FOR: 'DayNum',12203-01,26,General McMullen Dr,EAST-WEST,07:15,AM,141,0
September 21 2022,NO MATCH FOUND FOR: 'DayNum',12203-01,27,McMUllen S of US 90,NORTH-SOUTH,12:00,PM,0,38
September 21 2022,NO MATCH FOUND FOR: 'DayNum',12203-01,27,McMUllen S of US 90,NORTH-SOUTH,12:15,PM,0,40
September 21 2022,NO MATCH FOUND FOR: 'DayNum',12203-01,27,McMUllen S of US 90,NORTH-SOUTH,12:30,PM,0,29
September 21 2022,NO MATCH FOUND FOR: 'DayNum',12203-01,27,McMUllen S of US 90,NORTH-SOUTH,15:30,PM,0,37
September 21 2022,NO MATCH FOUND FOR: 'DayNum',12203-01,27,McMUllen S of US 90,NORTH-SOUTH,15:45,PM,0,45
September 21 2022,NO MATCH FOUND FOR: 'DayNum',12203-01,27,McMUllen S of US 90,NORTH-SOUTH,16:00,PM,0,44
September 21 2022,NO MATCH FOUND FOR: 'DayNum',12203-01,27,McMUllen S of US 90,NORTH-SOUTH,16:15,PM,0,51
September 21 2022,NO MATCH FOUND FOR: 'DayNum',12203-01,27,McMUllen S of US 90,NORTH-SOUTH,07:30,AM,0,46
September 21 2022,NO MATCH FOUND FOR: 'DayNum',12203-01,27,McMUllen S of US 90,NORTH-SOUTH,07:45,AM,0,64
September 21 2022,NO MATCH FOUND FOR: 'DayNum',12203-01,27,McMUllen S of US 90,NORTH-SOUTH,08:00,AM,0,70
September 21 2022,NO MATCH FOUND FOR: 'DayNum',12203-01,27,McMUllen S of US 90,NORTH-SOUTH,08:15,AM,0,46
September 21 2022,NO MATCH FOUND FOR: 'DayNum',12203-01,27,McMUllen S of US 90,NORTH-SOUTH,11:45,AM,0,35
September 22 2022,NO MATCH FOUND FOR: 'DayNum',12203-01,27,McMUllen S of US 90,NORTH-SOUTH,12:15,PM,0,30
September 22 2022,NO MATCH FOUND FOR: 'DayNum',12203-01,27,McMUllen S of US 90,NORTH-SOUTH,12:30,PM,0,35
September 22 2022,NO MATCH FOUND FOR: 'DayNum',12203-01,27,McMUllen S of US 90,NORTH-SOUTH,12:45,PM,0,37
September 22 2022,NO MATCH FOUND FOR: 'DayNum',12203-01,27,McMUllen S of US 90,NORTH-SOUTH,13:00,PM,0,31
September 22 2022,NO MATCH FOUND FOR: 'DayNum',12203-01,27,McMUllen S of US 90,NORTH-SOUTH,17:30,PM,0,55
September 22 2022,NO MATCH FOUND FOR: 'DayNum',12203-01,27,McMUllen S of US 90,NORTH-SOUTH,17:45,PM,0,38
September 22 2022,NO MATCH FOUND FOR: 'DayNum',12203-01,27,McMUllen S of US 90,NORTH-SOUTH,18:00,PM,0,48
September 22 2022,NO MATCH FOUND FOR: 'DayNum',12203-01,27,McMUllen S of US 90,NORTH-SOUTH,18:15,PM,0,42
September 22 2022,NO MATCH FOUND FOR: 'DayNum',12203-01,27,McMUllen S of US 90,NORTH-SOUTH,07:30,AM,0,44
September 22 2022,NO MATCH FOUND FOR: 'DayNum',12203-01,27,McMUllen S of US 90,NORTH-SOUTH,07:45,AM,0,78
September 22 2022,NO MATCH FOUND FOR: 'DayNum',12203-01,27,McMUllen S of US 90,NORTH-SOUTH,08:00,AM,0,47
September 22 2022,NO MATCH FOUND FOR: 'DayNum',12203-01,27,McMUllen S of US 90,NORTH-SOUTH,08:15,AM,0,50
September 21 2022,NO MATCH FOUND FOR: 'DayNum',12203-01,28,McMullen N of US 90,NORTH-SOUTH,14:00,PM,112,0
September 21 2022,NO MATCH FOUND FOR: 'DayNum',12203-01,28,McMullen N of US 90,NORTH-SOUTH,14:15,PM,130,0
September 21 2022,NO MATCH FOUND FOR: 'DayNum',12203-01,28,McMullen N of US 90,NORTH-SOUTH,14:30,PM,123,0
September 21 2022,NO MATCH FOUND FOR: 'DayNum',12203-01,28,McMullen N of US 90,NORTH-SOUTH,14:45,PM,125,0
September 21 2022,NO MATCH FOUND FOR: 'DayNum',12203-01,28,McMullen N of US 90,NORTH-SOUTH,18:00,PM,182,0
September 21 2022,NO MATCH FOUND FOR: 'DayNum',12203-01,28,McMullen N of US 90,NORTH-SOUTH,18:15,PM,157,0
September 21 2022,NO MATCH FOUND FOR: 'DayNum',12203-01,28,McMullen N of US 90,NORTH-SOUTH,18:30,PM,182,0
September 21 2022,NO MATCH FOUND FOR: 'DayNum',12203-01,28,McMullen N of US 90,NORTH-SOUTH,18:45,PM,181,0
September 21 2022,NO MATCH FOUND FOR: 'DayNum',12203-01,28,McMullen N of US 90,NORTH-SOUTH,07:15,AM,141,0
September 21 2022,NO MATCH FOUND FOR: 'DayNum',12203-01,28,McMullen N of US 90,NORTH-SOUTH,07:30,AM,115,0
September 21 2022,NO MATCH FOUND FOR: 'DayNum',12203-01,28,McMullen N of US 90,NORTH-SOUTH,07:45,AM,140,0
September 21 2022,NO MATCH FOUND FOR: 'DayNum',12203-01,28,McMullen N of US 90,NORTH-SOUTH,08:00,AM,140,0
September 22 2022,NO MATCH FOUND FOR: 'DayNum',12203-01,28,McMullen N of US 90,NORTH-SOUTH,14:00,PM,117,0
September 22 2022,NO MATCH FOUND FOR: 'DayNum',12203-01,28,McMullen N of US 90,NORTH-SOUTH,14:15,PM,145,0
September 22 2022,NO MATCH FOUND FOR: 'DayNum',12203-01,28,McMullen N of US 90,NORTH-SOUTH,14:30,PM,156,0
September 22 2022,NO MATCH FOUND FOR: 'DayNum',12203-01,28,McMullen N of US 90,NORTH-SOUTH,14:45,PM,127,0
September 22 2022,NO MATCH FOUND FOR: 'DayNum',12203-01,28,McMullen N of US 90,NORTH-SOUTH,18:00,PM,174,0
September 22 2022,NO MATCH FOUND FOR: 'DayNum',12203-01,28,McMullen N of US 90,NORTH-SOUTH,18:15,PM,159,0
September 22 2022,NO MATCH FOUND FOR: 'DayNum',12203-01,28,McMullen N of US 90,NORTH-SOUTH,18:30,PM,167,0
September 22 2022,NO MATCH FOUND FOR: 'DayNum',12203-01,28,McMullen N of US 90,NORTH-SOUTH,18:45,PM,170,0
September 22 2022,NO MATCH FOUND FOR: 'DayNum',12203-01,28,McMullen N of US 90,NORTH-SOUTH,07:15,AM,150,0
September 22 2022,NO MATCH FOUND FOR: 'DayNum',12203-01,28,McMullen N of US 90,NORTH-SOUTH,07:30,AM,119,0
September 22 2022,NO MATCH FOUND FOR: 'DayNum',12203-01,28,McMullen N of US 90,NORTH-SOUTH,07:45,AM,156,0
September 22 2022,NO MATCH FOUND FOR: 'DayNum',12203-01,28,McMullen N of US 90,NORTH-SOUTH,08:00,AM,151,0
September 21 2022,NO MATCH FOUND FOR: 'DayNum',12203-01,29,US 90,EAST-WEST,14:00,PM,0,51
September 21 2022,NO MATCH FOUND FOR: 'DayNum',12203-01,29,US 90,EAST-WEST,14:15,PM,0,51
September 21 2022,NO MATCH FOUND FOR: 'DayNum',12203-01,29,US 90,EAST-WEST,14:30,PM,0,64
September 21 2022,NO MATCH FOUND FOR: 'DayNum',12203-01,29,US 90,EAST-WEST,14:45,PM,0,43
September 21 2022,NO MATCH FOUND FOR: 'DayNum',12203-01,29,US 90,EAST-WEST,16:15,PM,0,108
September 21 2022,NO MATCH FOUND FOR: 'DayNum',12203-01,29,US 90,EAST-WEST,16:30,PM,0,78
September 21 2022,NO MATCH FOUND FOR: 'DayNum',12203-01,29,US 90,EAST-WEST,16:45,PM,0,65
September 21 2022,NO MATCH FOUND FOR: 'DayNum',12203-01,29,US 90,EAST-WEST,17:00,PM,0,78
September 21 2022,NO MATCH FOUND FOR: 'DayNum',12203-01,29,US 90,EAST-WEST,07:30,AM,0,52
September 21 2022,NO MATCH FOUND FOR: 'DayNum',12203-01,29,US 90,EAST-WEST,07:45,AM,0,44
September 21 2022,NO MATCH FOUND FOR: 'DayNum',12203-01,29,US 90,EAST-WEST,08:00,AM,0,53
September 21 2022,NO MATCH FOUND FOR: 'DayNum',12203-01,29,US 90,EAST-WEST,08:15,AM,0,54
September 22 2022,NO MATCH FOUND FOR: 'DayNum',12203-01,29,US 90,EAST-WEST,14:00,PM,0,44
September 22 2022,NO MATCH FOUND FOR: 'DayNum',12203-01,29,US 90,EAST-WEST,14:15,PM,0,50
September 22 2022,NO MATCH FOUND FOR: 'DayNum',12203-01,29,US 90,EAST-WEST,14:30,PM,0,66
September 22 2022,NO MATCH FOUND FOR: 'DayNum',12203-01,29,US 90,EAST-WEST,14:45,PM,0,57
September 22 2022,NO MATCH FOUND FOR: 'DayNum',12203-01,29,US 90,EAST-WEST,15:45,PM,0,64
September 22 2022,NO MATCH FOUND FOR: 'DayNum',12203-01,29,US 90,EAST-WEST,16:00,PM,0,87
September 22 2022,NO MATCH FOUND FOR: 'DayNum',12203-01,29,US 90,EAST-WEST,16:15,PM,0,94
September 22 2022,NO MATCH FOUND FOR: 'DayNum',12203-01,29,US 90,EAST-WEST,16:30,PM,0,85
September 22 2022,NO MATCH FOUND FOR: 'DayNum',12203-01,29,US 90,EAST-WEST,07:30,AM,0,53
September 22 2022,NO MATCH FOUND FOR: 'DayNum',12203-01,29,US 90,EAST-WEST,07:45,AM,0,49
September 22 2022,NO MATCH FOUND FOR: 'DayNum',12203-01,29,US 90,EAST-WEST,08:00,AM,0,52
September 22 2022,NO MATCH FOUND FOR: 'DayNum',12203-01,29,US 90,EAST-WEST,08:15,AM,0,57
September 21 2022,17:00,12203-01,30,off ramp to General,NORTH-SOUTH,13:45,PM,84,0
September 21 2022,17:00,12203-01,30,off ramp to General,NORTH-SOUTH,14:00,PM,68,0
September 21 2022,17:00,12203-01,30,off ramp to General,NORTH-SOUTH,14:15,PM,65,0
September 21 2022,17:00,12203-01,30,off ramp to General,NORTH-SOUTH,14:30,PM,78,0
September 21 2022,17:00,12203-01,30,off ramp to General,NORTH-SOUTH,17:00,PM,79,0
September 21 2022,17:00,12203-01,30,off ramp to General,NORTH-SOUTH,17:15,PM,93,0
September 21 2022,17:00,12203-01,30,off ramp to General,NORTH-SOUTH,17:30,PM,91,0
September 21 2022,17:00,12203-01,30,off ramp to General,NORTH-SOUTH,17:45,PM,97,0
September 21 2022,17:00,12203-01,30,off ramp to General,NORTH-SOUTH,07:15,AM,141,0
September 21 2022,17:00,12203-01,30,off ramp to General,NORTH-SOUTH,07:30,AM,162,0
September 21 2022,17:00,12203-01,30,off ramp to General,NORTH-SOUTH,07:45,AM,154,0
September 21 2022,17:00,12203-01,30,off ramp to General,NORTH-SOUTH,08:00,AM,122,0
September 21 2022,NO MATCH FOUND FOR: 'DayNum',12203-01,30,off ramp to General,NORTH-SOUTH,14:00,PM,57,0
September 21 2022,NO MATCH FOUND FOR: 'DayNum',12203-01,30,off ramp to General,NORTH-SOUTH,14:15,PM,48,0
September 21 2022,NO MATCH FOUND FOR: 'DayNum',12203-01,30,off ramp to General,NORTH-SOUTH,14:30,PM,66,0
September 21 2022,NO MATCH FOUND FOR: 'DayNum',12203-01,30,off ramp to General,NORTH-SOUTH,14:45,PM,84,0
September 21 2022,NO MATCH FOUND FOR: 'DayNum',12203-01,30,off ramp to General,NORTH-SOUTH,17:00,PM,82,0
September 21 2022,NO MATCH FOUND FOR: 'DayNum',12203-01,30,off ramp to General,NORTH-SOUTH,17:15,PM,98,0
September 21 2022,NO MATCH FOUND FOR: 'DayNum',12203-01,30,off ramp to General,NORTH-SOUTH,17:30,PM,96,0
September 21 2022,NO MATCH FOUND FOR: 'DayNum',12203-01,30,off ramp to General,NORTH-SOUTH,17:45,PM,89,0
September 21 2022,NO MATCH FOUND FOR: 'DayNum',12203-01,30,off ramp to General,NORTH-SOUTH,07:15,AM,137,0
September 21 2022,NO MATCH FOUND FOR: 'DayNum',12203-01,30,off ramp to General,NORTH-SOUTH,07:30,AM,151,0
September 21 2022,NO MATCH FOUND FOR: 'DayNum',12203-01,30,off ramp to General,NORTH-SOUTH,07:45,AM,167,0
September 21 2022,NO MATCH FOUND FOR: 'DayNum',12203-01,30,off ramp to General,NORTH-SOUTH,08:00,AM,131,0
September 21 2022,NO MATCH FOUND FOR: 'DayNum',12203-01,31,General McMullen Dr,EAST-WEST,12:15,PM,54,0
September 21 2022,NO MATCH FOUND FOR: 'DayNum',12203-01,31,General McMullen Dr,EAST-WEST,12:30,PM,39,0
September 21 2022,NO MATCH FOUND FOR: 'DayNum',12203-01,31,General McMullen Dr,EAST-WEST,12:45,PM,43,0
September 21 2022,NO MATCH FOUND FOR: 'DayNum',12203-01,31,General McMullen Dr,EAST-WEST,13:00,PM,52,0
September 21 2022,NO MATCH FOUND FOR: 'DayNum',12203-01,31,General McMullen Dr,EAST-WEST,16:15,PM,62,0
September 21 2022,NO MATCH FOUND FOR: 'DayNum',12203-01,31,General McMullen Dr,EAST-WEST,16:30,PM,59,0
September 21 2022,NO MATCH FOUND FOR: 'DayNum',12203-01,31,General McMullen Dr,EAST-WEST,16:45,PM,60,0
September 21 2022,NO MATCH FOUND FOR: 'DayNum',12203-01,31,General McMullen Dr,EAST-WEST,17:00,PM,51,0
September 21 2022,NO MATCH FOUND FOR: 'DayNum',12203-01,31,General McMullen Dr,EAST-WEST,07:15,AM,77,0
September 21 2022,NO MATCH FOUND FOR: 'DayNum',12203-01,31,General McMullen Dr,EAST-WEST,07:30,AM,83,0
September 21 2022,NO MATCH FOUND FOR: 'DayNum',12203-01,31,General McMullen Dr,EAST-WEST,07:45,AM,56,0
September 21 2022,NO MATCH FOUND FOR: 'DayNum',12203-01,31,General McMullen Dr,EAST-WEST,08:00,AM,51,0
September 21 2022,NO MATCH FOUND FOR: 'DayNum',12203-01,31,General McMullen Dr,EAST-WEST,12:00,PM,47,0
September 21 2022,NO MATCH FOUND FOR: 'DayNum',12203-01,31,General McMullen Dr,EAST-WEST,12:15,PM,36,0
September 21 2022,NO MATCH FOUND FOR: 'DayNum',12203-01,31,General McMullen Dr,EAST-WEST,12:30,PM,42,0
September 21 2022,NO MATCH FOUND FOR: 'DayNum',12203-01,31,General McMullen Dr,EAST-WEST,16:00,PM,60,0
September 21 2022,NO MATCH FOUND FOR: 'DayNum',12203-01,31,General McMullen Dr,EAST-WEST,16:15,PM,64,0
September 21 2022,NO MATCH FOUND FOR: 'DayNum',12203-01,31,General McMullen Dr,EAST-WEST,16:30,PM,42,0
September 21 2022,NO MATCH FOUND FOR: 'DayNum',12203-01,31,General McMullen Dr,EAST-WEST,16:45,PM,57,0
September 21 2022,NO MATCH FOUND FOR: 'DayNum',12203-01,31,General McMullen Dr,EAST-WEST,07:00,AM,64,0
September 21 2022,NO MATCH FOUND FOR: 'DayNum',12203-01,31,General McMullen Dr,EAST-WEST,07:15,AM,70,0
September 21 2022,NO MATCH FOUND FOR: 'DayNum',12203-01,31,General McMullen Dr,EAST-WEST,07:30,AM,57,0
September 21 2022,NO MATCH FOUND FOR: 'DayNum',12203-01,31,General McMullen Dr,EAST-WEST,07:45,AM,70,0
September 21 2022,NO MATCH FOUND FOR: 'DayNum',12203-01,31,General McMullen Dr,EAST-WEST,11:45,AM,54,0
Wednesday,17:00,1,12203-01,33,300,EAST-WEST,12:30,PM,75,0
Wednesday,17:00,1,12203-01,33,300,EAST-WEST,12:45,PM,68,0
Wednesday,17:00,1,12203-01,33,300,EAST-WEST,13:00,PM,60,0
Wednesday,17:00,1,12203-01,33,300,EAST-WEST,13:15,PM,70,0
Wednesday,17:00,1,12203-01,33,300,EAST-WEST,17:00,PM,105,0
Wednesday,17:00,1,12203-01,33,300,EAST-WEST,17:15,PM,101,0
Wednesday,17:00,1,12203-01,33,300,EAST-WEST,17:30,PM,91,0
Wednesday,17:00,1,12203-01,33,300,EAST-WEST,17:45,PM,90,0
Wednesday,17:00,1,12203-01,33,300,EAST-WEST,07:15,AM,139,0
Wednesday,17:00,1,12203-01,33,300,EAST-WEST,07:30,AM,155,0
Wednesday,17:00,1,12203-01,33,300,EAST-WEST,07:45,AM,160,0
Wednesday,17:00,1,12203-01,33,300,EAST-WEST,08:00,AM,122,0
Thursday,2,12203-01,33,300,EAST-WEST,14:00,PM,55,0
Thursday,2,12203-01,33,300,EAST-WEST,14:15,PM,54,0
Thursday,2,12203-01,33,300,EAST-WEST,14:30,PM,62,0
Thursday,2,12203-01,33,300,EAST-WEST,14:45,PM,70,0
Thursday,2,12203-01,33,300,EAST-WEST,16:45,PM,89,0
Thursday,2,12203-01,33,300,EAST-WEST,17:00,PM,87,0
Thursday,2,12203-01,33,300,EAST-WEST,17:15,PM,88,0
Thursday,2,12203-01,33,300,EAST-WEST,17:30,PM,89,0
Thursday,2,12203-01,33,300,EAST-WEST,07:15,AM,115,0
Thursday,2,12203-01,33,300,EAST-WEST,07:30,AM,139,0
Thursday,2,12203-01,33,300,EAST-WEST,07:45,AM,161,0
Thursday,2,12203-01,33,300,EAST-WEST,08:00,AM,106,0
100,1,12203-01,34,on ramp to EB US 90 E of,EAST-WEST,12:00,PM,104,0
100,1,12203-01,34,on ramp to EB US 90 E of,EAST-WEST,12:15,PM,119,0
100,1,12203-01,34,on ramp to EB US 90 E of,EAST-WEST,12:30,PM,89,0
100,1,12203-01,34,on ramp to EB US 90 E of,EAST-WEST,12:45,PM,112,0
100,1,12203-01,34,on ramp to EB US 90 E of,EAST-WEST,16:15,PM,146,0
100,1,12203-01,34,on ramp to EB US 90 E of,EAST-WEST,16:30,PM,157,0
100,1,12203-01,34,on ramp to EB US 90 E of,EAST-WEST,16:45,PM,139,0
100,1,12203-01,34,on ramp to EB US 90 E of,EAST-WEST,17:00,PM,141,0
100,1,12203-01,34,on ramp to EB US 90 E of,EAST-WEST,06:45,AM,139,0
100,1,12203-01,34,on ramp to EB US 90 E of,EAST-WEST,07:00,AM,124,0
100,1,12203-01,34,on ramp to EB US 90 E of,EAST-WEST,07:15,AM,143,0
100,1,12203-01,34,on ramp to EB US 90 E of,EAST-WEST,07:30,AM,127,0
Thursday,2,12203-01,34,300,EAST-WEST,14:00,PM,102,0
Thursday,2,12203-01,34,300,EAST-WEST,14:15,PM,104,0
Thursday,2,12203-01,34,300,EAST-WEST,14:30,PM,118,0
Thursday,2,12203-01,34,300,EAST-WEST,14:45,PM,109,0
Thursday,2,12203-01,34,300,EAST-WEST,16:15,PM,151,0
Thursday,2,12203-01,34,300,EAST-WEST,16:30,PM,153,0
Thursday,2,12203-01,34,300,EAST-WEST,16:45,PM,118,0
Thursday,2,12203-01,34,300,EAST-WEST,17:00,PM,159,0
Thursday,2,12203-01,34,300,EAST-WEST,06:45,AM,137,0
Thursday,2,12203-01,34,300,EAST-WEST,07:00,AM,123,0
Thursday,2,12203-01,34,300,EAST-WEST,07:15,AM,151,0
Thursday,2,12203-01,34,300,EAST-WEST,07:30,AM,140,0
100,1,12203-01,35,of Cupples Blvd,EAST-WEST,12:15,PM,0,137
100,1,12203-01,35,of Cupples Blvd,EAST-WEST,12:30,PM,0,100
100,1,12203-01,35,of Cupples Blvd,EAST-WEST,12:45,PM,0,113
100,1,12203-01,35,of Cupples Blvd,EAST-WEST,13:00,PM,0,117
100,1,12203-01,35,of Cupples Blvd,EAST-WEST,18:30,PM,0,162
100,1,12203-01,35,of Cupples Blvd,EAST-WEST,18:45,PM,0,169
100,1,12203-01,35,of Cupples Blvd,EAST-WEST,07:00,AM,0,122
100,1,12203-01,35,of Cupples Blvd,EAST-WEST,19:00,PM,0,136
100,1,12203-01,35,of Cupples Blvd,EAST-WEST,07:15,AM,0,122
100,1,12203-01,35,of Cupples Blvd,EAST-WEST,19:15,PM,0,141
100,1,12203-01,35,of Cupples Blvd,EAST-WEST,07:30,AM,0,139
100,1,12203-01,35,of Cupples Blvd,EAST-WEST,07:45,AM,0,131
Thursday,2,12203-01,35,of Cupples Blvd,EAST-WEST,14:00,PM,0,113
Thursday,2,12203-01,35,of Cupples Blvd,EAST-WEST,14:15,PM,0,112
Thursday,2,12203-01,35,of Cupples Blvd,EAST-WEST,14:30,PM,0,95
Thursday,2,12203-01,35,of Cupples Blvd,EAST-WEST,14:45,PM,0,118
Thursday,2,12203-01,35,of Cupples Blvd,EAST-WEST,15:45,PM,0,136
Thursday,2,12203-01,35,of Cupples Blvd,EAST-WEST,16:00,PM,0,141
Thursday,2,12203-01,35,of Cupples Blvd,EAST-WEST,16:15,PM,0,136
Thursday,2,12203-01,35,of Cupples Blvd,EAST-WEST,16:30,PM,0,133
Thursday,2,12203-01,35,of Cupples Blvd,EAST-WEST,07:30,AM,0,118
Thursday,2,12203-01,35,of Cupples Blvd,EAST-WEST,07:45,AM,0,164
Thursday,2,12203-01,35,of Cupples Blvd,EAST-WEST,08:00,AM,0,113
Thursday,2,12203-01,35,of Cupples Blvd,EAST-WEST,08:15,AM,0,122
Wednesday,18:00,1,12203-01,36,600,NORTH-SOUTH,13:15,PM,0,168
Wednesday,18:00,1,12203-01,36,600,NORTH-SOUTH,13:30,PM,0,158
Wednesday,18:00,1,12203-01,36,600,NORTH-SOUTH,13:45,PM,0,147
Wednesday,18:00,1,12203-01,36,600,NORTH-SOUTH,14:00,PM,0,141
Wednesday,18:00,1,12203-01,36,600,NORTH-SOUTH,18:00,PM,0,199
Wednesday,18:00,1,12203-01,36,600,NORTH-SOUTH,18:15,PM,0,203
Wednesday,18:00,1,12203-01,36,600,NORTH-SOUTH,18:30,PM,0,225
Wednesday,18:00,1,12203-01,36,600,NORTH-SOUTH,06:45,AM,0,339
Wednesday,18:00,1,12203-01,36,600,NORTH-SOUTH,18:45,PM,0,213
Wednesday,18:00,1,12203-01,36,600,NORTH-SOUTH,07:00,AM,0,264
Wednesday,18:00,1,12203-01,36,600,NORTH-SOUTH,07:15,AM,0,290
Wednesday,18:00,1,12203-01,36,600,NORTH-SOUTH,07:30,AM,0,256
Thursday,2,12203-01,36,600,NORTH-SOUTH,13:30,PM,0,157
Thursday,2,12203-01,36,600,NORTH-SOUTH,13:45,PM,0,125
Thursday,2,12203-01,36,600,NORTH-SOUTH,14:00,PM,0,142
Thursday,2,12203-01,36,600,NORTH-SOUTH,14:15,PM,0,119
Thursday,2,12203-01,36,600,NORTH-SOUTH,06:45,AM,0,302
Thursday,2,12203-01,36,600,NORTH-SOUTH,07:00,AM,0,232
Thursday,2,12203-01,36,600,NORTH-SOUTH,19:00,PM,0,147
Thursday,2,12203-01,36,600,NORTH-SOUTH,07:15,AM,0,268
Thursday,2,12203-01,36,600,NORTH-SOUTH,19:15,PM,0,174
Thursday,2,12203-01,36,600,NORTH-SOUTH,07:30,AM,0,247
Thursday,2,12203-01,36,600,NORTH-SOUTH,19:30,PM,0,176
Thursday,2,12203-01,36,600,NORTH-SOUTH,19:45,PM,0,165
100,1,12203-01,37,NO MATCH FOUND FOR: 'Location',EAST-WEST,13:45,PM,80,0
100,1,12203-01,37,NO MATCH FOUND FOR: 'Location',EAST-WEST,14:00,PM,77,0
100,1,12203-01,37,NO MATCH FOUND FOR: 'Location',EAST-WEST,14:15,PM,86,0
100,1,12203-01,37,NO MATCH FOUND FOR: 'Location',EAST-WEST,14:30,PM,90,0
100,1,12203-01,37,NO MATCH FOUND FOR: 'Location',EAST-WEST,17:15,PM,141,0
100,1,12203-01,37,NO MATCH FOUND FOR: 'Location',EAST-WEST,17:30,PM,130,0
100,1,12203-01,37,NO MATCH FOUND FOR: 'Location',EAST-WEST,17:45,PM,96,0
100,1,12203-01,37,NO MATCH FOUND FOR: 'Location',EAST-WEST,18:00,PM,104,0
100,1,12203-01,37,NO MATCH FOUND FOR: 'Location',EAST-WEST,07:30,AM,173,0
100,1,12203-01,37,NO MATCH FOUND FOR: 'Location',EAST-WEST,07:45,AM,195,0
100,1,12203-01,37,NO MATCH FOUND FOR: 'Location',EAST-WEST,08:00,AM,149,0
100,1,12203-01,37,NO MATCH FOUND FOR: 'Location',EAST-WEST,08:15,AM,167,0
100,2,12203-01,37,NO MATCH FOUND FOR: 'Location',EAST-WEST,14:00,PM,75,0
100,2,12203-01,37,NO MATCH FOUND FOR: 'Location',EAST-WEST,14:15,PM,70,0
100,2,12203-01,37,NO MATCH FOUND FOR: 'Location',EAST-WEST,14:30,PM,81,0
100,2,12203-01,37,NO MATCH FOUND FOR: 'Location',EAST-WEST,14:45,PM,108,0
100,2,12203-01,37,NO MATCH FOUND FOR: 'Location',EAST-WEST,17:45,PM,131,0
100,2,12203-01,37,NO MATCH FOUND FOR: 'Location',EAST-WEST,18:00,PM,127,0
100,2,12203-01,37,NO MATCH FOUND FOR: 'Location',EAST-WEST,18:15,PM,137,0
100,2,12203-01,37,NO MATCH FOUND FOR: 'Location',EAST-WEST,18:30,PM,95,0
100,2,12203-01,37,NO MATCH FOUND FOR: 'Location',EAST-WEST,07:15,AM,165,0
100,2,12203-01,37,NO MATCH FOUND FOR: 'Location',EAST-WEST,07:30,AM,204,0
100,2,12203-01,37,NO MATCH FOUND FOR: 'Location',EAST-WEST,07:45,AM,185,0
100,2,12203-01,37,NO MATCH FOUND FOR: 'Location',EAST-WEST,08:00,AM,161,0
Wednesday,15:30,1,12203-01,38,600,EAST-WEST,14:00,PM,235,0
Wednesday,15:30,1,12203-01,38,600,EAST-WEST,14:15,PM,303,0
Wednesday,15:30,1,12203-01,38,600,EAST-WEST,14:30,PM,217,0
Wednesday,15:30,1,12203-01,38,600,EAST-WEST,14:45,PM,178,0
Wednesday,15:30,1,12203-01,38,600,EAST-WEST,15:30,PM,293,0
Wednesday,15:30,1,12203-01,38,600,EAST-WEST,15:45,PM,258,0
Wednesday,15:30,1,12203-01,38,600,EAST-WEST,16:00,PM,288,0
Wednesday,15:30,1,12203-01,38,600,EAST-WEST,16:15,PM,279,0
Wednesday,15:30,1,12203-01,38,600,EAST-WEST,07:00,AM,129,0
Wednesday,15:30,1,12203-01,38,600,EAST-WEST,07:15,AM,180,0
Wednesday,15:30,1,12203-01,38,600,EAST-WEST,07:30,AM,192,0
Wednesday,15:30,1,12203-01,38,600,EAST-WEST,07:45,AM,172,0
Thursday,2,12203-01,38,600,EAST-WEST,14:00,PM,209,0
Thursday,2,12203-01,38,600,EAST-WEST,14:15,PM,240,0
Thursday,2,12203-01,38,600,EAST-WEST,14:30,PM,224,0
Thursday,2,12203-01,38,600,EAST-WEST,14:45,PM,186,0
Thursday,2,12203-01,38,600,EAST-WEST,15:15,PM,247,0
Thursday,2,12203-01,38,600,EAST-WEST,15:30,PM,284,0
Thursday,2,12203-01,38,600,EAST-WEST,15:45,PM,226,0
Thursday,2,12203-01,38,600,EAST-WEST,16:00,PM,303,0
Thursday,2,12203-01,38,600,EAST-WEST,07:15,AM,169,0
Thursday,2,12203-01,38,600,EAST-WEST,07:30,AM,163,0
Thursday,2,12203-01,38,600,EAST-WEST,07:45,AM,159,0
Thursday,2,12203-01,38,600,EAST-WEST,08:00,AM,150,0
Wednesday,1,12203-01,39,Gaynor St,EAST-WEST,12:00,PM,0,57
Wednesday,1,12203-01,39,Gaynor St,EAST-WEST,12:15,PM,0,74
Wednesday,1,12203-01,39,Gaynor St,EAST-WEST,12:30,PM,0,65
Wednesday,1,12203-01,39,Gaynor St,EAST-WEST,17:00,PM,0,156
Wednesday,1,12203-01,39,Gaynor St,EAST-WEST,17:15,PM,0,138
Wednesday,1,12203-01,39,Gaynor St,EAST-WEST,17:30,PM,0,124
Wednesday,1,12203-01,39,Gaynor St,EAST-WEST,17:45,PM,0,112
Wednesday,1,12203-01,39,Gaynor St,EAST-WEST,07:15,AM,0,112
Wednesday,1,12203-01,39,Gaynor St,EAST-WEST,07:30,AM,0,106
Wednesday,1,12203-01,39,Gaynor St,EAST-WEST,07:45,AM,0,141
Wednesday,1,12203-01,39,Gaynor St,EAST-WEST,08:00,AM,0,108
Wednesday,1,12203-01,39,Gaynor St,EAST-WEST,11:45,AM,0,54
Thursday,2,12203-01,39,Gaynor St,EAST-WEST,12:45,PM,0,61
Thursday,2,12203-01,39,Gaynor St,EAST-WEST,13:00,PM,0,64
Thursday,2,12203-01,39,Gaynor St,EAST-WEST,13:15,PM,0,56
Thursday,2,12203-01,39,Gaynor St,EAST-WEST,13:30,PM,0,88
Thursday,2,12203-01,39,Gaynor St,EAST-WEST,16:30,PM,0,154
Thursday,2,12203-01,39,Gaynor St,EAST-WEST,16:45,PM,0,108
Thursday,2,12203-01,39,Gaynor St,EAST-WEST,17:00,PM,0,166
Thursday,2,12203-01,39,Gaynor St,EAST-WEST,17:15,PM,0,169
Thursday,2,12203-01,39,Gaynor St,EAST-WEST,07:15,AM,0,91
Thursday,2,12203-01,39,Gaynor St,EAST-WEST,07:30,AM,0,141
Thursday,2,12203-01,39,Gaynor St,EAST-WEST,07:45,AM,0,122
Thursday,2,12203-01,39,Gaynor St,EAST-WEST,08:00,AM,0,119
Wednesday,16:15,1,12203-01,40,300,EAST-WEST,12:00,PM,68,0
Wednesday,16:15,1,12203-01,40,300,EAST-WEST,12:15,PM,69,0
Wednesday,16:15,1,12203-01,40,300,EAST-WEST,16:15,PM,101,0
Wednesday,16:15,1,12203-01,40,300,EAST-WEST,16:30,PM,85,0
Wednesday,16:15,1,12203-01,40,300,EAST-WEST,16:45,PM,89,0
Wednesday,16:15,1,12203-01,40,300,EAST-WEST,17:00,PM,97,0
Wednesday,16:15,1,12203-01,40,300,EAST-WEST,07:15,AM,128,0
Wednesday,16:15,1,12203-01,40,300,EAST-WEST,07:30,AM,157,0
Wednesday,16:15,1,12203-01,40,300,EAST-WEST,07:45,AM,115,0
Wednesday,16:15,1,12203-01,40,300,EAST-WEST,08:00,AM,81,0
Wednesday,16:15,1,12203-01,40,300,EAST-WEST,11:30,AM,80,0
Wednesday,16:15,1,12203-01,40,300,EAST-WEST,11:45,AM,60,0
Thursday,2,12203-01,40,300,EAST-WEST,14:00,PM,49,0
Thursday,2,12203-01,40,300,EAST-WEST,14:15,PM,48,0
Thursday,2,12203-01,40,300,EAST-WEST,14:30,PM,60,0
Thursday,2,12203-01,40,300,EAST-WEST,14:45,PM,58,0
Thursday,2,12203-01,40,300,EAST-WEST,17:00,PM,107,0
Thursday,2,12203-01,40,300,EAST-WEST,17:15,PM,93,0
Thursday,2,12203-01,40,300,EAST-WEST,17:30,PM,105,0
Thursday,2,12203-01,40,300,EAST-WEST,17:45,PM,125,0
Thursday,2,12203-01,40,300,EAST-WEST,07:15,AM,191,0
Thursday,2,12203-01,40,300,EAST-WEST,07:30,AM,161,0
Thursday,2,12203-01,40,300,EAST-WEST,07:45,AM,102,0
Thursday,2,12203-01,40,300,EAST-WEST,08:00,AM,135,0
Wednesday,16:30,1,12203-01,42,on ramp to WB US 90 W of,EAST-WEST,14:00,PM,0,397
Wednesday,16:30,1,12203-01,42,on ramp to WB US 90 W of,EAST-WEST,14:15,PM,0,461
Wednesday,16:30,1,12203-01,42,on ramp to WB US 90 W of,EAST-WEST,14:30,PM,0,507
Wednesday,16:30,1,12203-01,42,on ramp to WB US 90 W of,EAST-WEST,14:45,PM,0,472
Wednesday,16:30,1,12203-01,42,on ramp to WB US 90 W of,EAST-WEST,16:30,PM,0,575
Wednesday,16:30,1,12203-01,42,on ramp to WB US 90 W of,EAST-WEST,16:45,PM,0,563
Wednesday,16:30,1,12203-01,42,on ramp to WB US 90 W of,EAST-WEST,17:00,PM,0,540
Wednesday,16:30,1,12203-01,42,on ramp to WB US 90 W of,EAST-WEST,17:15,PM,0,515
Wednesday,16:30,1,12203-01,42,on ramp to WB US 90 W of,EAST-WEST,06:45,AM,0,465
Wednesday,16:30,1,12203-01,42,on ramp to WB US 90 W of,EAST-WEST,07:00,AM,0,443
Wednesday,16:30,1,12203-01,42,on ramp to WB US 90 W of,EAST-WEST,07:15,AM,0,471
Wednesday,16:30,1,12203-01,42,on ramp to WB US 90 W of,EAST-WEST,07:30,AM,0,446
Thursday,2,12203-01,42,on ramp to WB US 90 W of,EAST-WEST,14:00,PM,0,459
Thursday,2,12203-01,42,on ramp to WB US 90 W of,EAST-WEST,14:15,PM,0,479
Thursday,2,12203-01,42,on ramp to WB US 90 W of,EAST-WEST,14:30,PM,0,519
Thursday,2,12203-01,42,on ramp to WB US 90 W of,EAST-WEST,14:45,PM,0,467
Thursday,2,12203-01,42,on ramp to WB US 90 W of,EAST-WEST,15:00,PM,0,546
Thursday,2,12203-01,42,on ramp to WB US 90 W of,EAST-WEST,15:15,PM,0,498
Thursday,2,12203-01,42,on ramp to WB US 90 W of,EAST-WEST,15:30,PM,0,513
Thursday,2,12203-01,42,on ramp to WB US 90 W of,EAST-WEST,15:45,PM,0,555
Thursday,2,12203-01,42,on ramp to WB US 90 W of,EAST-WEST,06:45,AM,0,461
Thursday,2,12203-01,42,on ramp to WB US 90 W of,EAST-WEST,07:00,AM,0,445
Thursday,2,12203-01,42,on ramp to WB US 90 W of,EAST-WEST,07:15,AM,0,516
Thursday,2,12203-01,42,on ramp to WB US 90 W of,EAST-WEST,07:30,AM,0,486
Wednesday,16:15,1,12203-01,43,600,EAST-WEST,14:00,PM,0,179
Wednesday,16:15,1,12203-01,43,600,EAST-WEST,14:15,PM,0,211
Wednesday,16:15,1,12203-01,43,600,EAST-WEST,14:30,PM,0,189
Wednesday,16:15,1,12203-01,43,600,EAST-WEST,14:45,PM,0,202
Wednesday,16:15,1,12203-01,43,600,EAST-WEST,16:15,PM,0,252
Wednesday,16:15,1,12203-01,43,600,EAST-WEST,16:30,PM,0,264
Wednesday,16:15,1,12203-01,43,600,EAST-WEST,16:45,PM,0,234
Wednesday,16:15,1,12203-01,43,600,EAST-WEST,17:00,PM,0,262
Wednesday,16:15,1,12203-01,43,600,EAST-WEST,06:15,AM,0,156
Wednesday,16:15,1,12203-01,43,600,EAST-WEST,06:30,AM,0,168
Wednesday,16:15,1,12203-01,43,600,EAST-WEST,06:45,AM,0,176
Wednesday,16:15,1,12203-01,43,600,EAST-WEST,07:00,AM,0,159
Thursday,2,12203-01,43,600,EAST-WEST,14:00,PM,0,204
Thursday,2,12203-01,43,600,EAST-WEST,14:15,PM,0,199
Thursday,2,12203-01,43,600,EAST-WEST,14:30,PM,0,204
Thursday,2,12203-01,43,600,EAST-WEST,14:45,PM,0,201
Thursday,2,12203-01,43,600,EAST-WEST,16:30,PM,0,251
Thursday,2,12203-01,43,600,EAST-WEST,16:45,PM,0,236
Thursday,2,12203-01,43,600,EAST-WEST,17:00,PM,0,255
Thursday,2,12203-01,43,600,EAST-WEST,17:15,PM,0,281
Thursday,2,12203-01,43,600,EAST-WEST,06:15,AM,0,163
Thursday,2,12203-01,43,600,EAST-WEST,06:30,AM,0,187
Thursday,2,12203-01,43,600,EAST-WEST,06:45,AM,0,171
Thursday,2,12203-01,43,600,EAST-WEST,07:00,AM,0,158
50,1,12203-01,46,250,EAST-WEST,13:45,PM,0,48
50,1,12203-01,46,250,EAST-WEST,14:00,PM,0,43
50,1,12203-01,46,250,EAST-WEST,14:15,PM,0,42
50,1,12203-01,46,250,EAST-WEST,14:30,PM,0,51
50,1,12203-01,46,250,EAST-WEST,16:15,PM,0,61
50,1,12203-01,46,250,EAST-WEST,16:30,PM,0,43
50,1,12203-01,46,250,EAST-WEST,16:45,PM,0,91
50,1,12203-01,46,250,EAST-WEST,17:00,PM,0,135
50,1,12203-01,46,250,EAST-WEST,06:15,AM,0,110
50,1,12203-01,46,250,EAST-WEST,06:30,AM,0,120
50,1,12203-01,46,250,EAST-WEST,06:45,AM,0,124
50,1,12203-01,46,250,EAST-WEST,07:00,AM,0,103
50,2,12203-01,46,200,EAST-WEST,13:15,PM,0,62
50,2,12203-01,46,200,EAST-WEST,13:30,PM,0,47
50,2,12203-01,46,200,EAST-WEST,13:45,PM,0,43
50,2,12203-01,46,200,EAST-WEST,14:00,PM,0,42
50,2,12203-01,46,200,EAST-WEST,15:45,PM,0,49
50,2,12203-01,46,200,EAST-WEST,16:00,PM,0,54
50,2,12203-01,46,200,EAST-WEST,16:15,PM,0,52
50,2,12203-01,46,200,EAST-WEST,16:30,PM,0,54
50,2,12203-01,46,200,EAST-WEST,06:30,AM,0,120
50,2,12203-01,46,200,EAST-WEST,06:45,AM,0,139
50,2,12203-01,46,200,EAST-WEST,07:00,AM,0,127
50,2,12203-01,46,200,EAST-WEST,07:15,AM,0,102
200,1,12203-01,47,800,EAST-WEST,14:00,PM,0,203
200,1,12203-01,47,800,EAST-WEST,14:15,PM,0,206
200,1,12203-01,47,800,EAST-WEST,14:30,PM,0,232
200,1,12203-01,47,800,EAST-WEST,14:45,PM,0,216
200,1,12203-01,47,800,EAST-WEST,16:45,PM,0,361
200,1,12203-01,47,800,EAST-WEST,17:00,PM,0,405
200,1,12203-01,47,800,EAST-WEST,17:15,PM,0,384
200,1,12203-01,47,800,EAST-WEST,17:30,PM,0,321
200,1,12203-01,47,800,EAST-WEST,07:15,AM,0,191
200,1,12203-01,47,800,EAST-WEST,07:30,AM,0,194
200,1,12203-01,47,800,EAST-WEST,07:45,AM,0,211
200,1,12203-01,47,800,EAST-WEST,08:00,AM,0,206
200,2,12203-01,47,NO MATCH FOUND FOR: 'Location',EAST-WEST,14:00,PM,0,185
200,2,12203-01,47,NO MATCH FOUND FOR: 'Location',EAST-WEST,14:15,PM,0,217
200,2,12203-01,47,NO MATCH FOUND FOR: 'Location',EAST-WEST,14:30,PM,0,224
200,2,12203-01,47,NO MATCH FOUND FOR: 'Location',EAST-WEST,14:45,PM,0,256
200,2,12203-01,47,NO MATCH FOUND FOR: 'Location',EAST-WEST,16:45,PM,0,350
200,2,12203-01,47,NO MATCH FOUND FOR: 'Location',EAST-WEST,17:00,PM,0,327
200,2,12203-01,47,NO MATCH FOUND FOR: 'Location',EAST-WEST,17:15,PM,0,336
200,2,12203-01,47,NO MATCH FOUND FOR: 'Location',EAST-WEST,17:30,PM,0,326
200,2,12203-01,47,NO MATCH FOUND FOR: 'Location',EAST-WEST,07:15,AM,0,187
200,2,12203-01,47,NO MATCH FOUND FOR: 'Location',EAST-WEST,07:30,AM,0,185
200,2,12203-01,47,NO MATCH FOUND FOR: 'Location',EAST-WEST,07:45,AM,0,208
200,2,12203-01,47,NO MATCH FOUND FOR: 'Location',EAST-WEST,08:00,AM,0,188
Wednesday,1,12203-01,48,NO MATCH FOUND FOR: 'Location',EAST-WEST,14:00,PM,227,0
Wednesday,1,12203-01,48,NO MATCH FOUND FOR: 'Location',EAST-WEST,14:15,PM,219,0
Wednesday,1,12203-01,48,NO MATCH FOUND FOR: 'Location',EAST-WEST,14:30,PM,241,0
Wednesday,1,12203-01,48,NO MATCH FOUND FOR: 'Location',EAST-WEST,14:45,PM,238,0
Wednesday,1,12203-01,48,NO MATCH FOUND FOR: 'Location',EAST-WEST,15:00,PM,251,0
Wednesday,1,12203-01,48,NO MATCH FOUND FOR: 'Location',EAST-WEST,15:15,PM,263,0
Wednesday,1,12203-01,48,NO MATCH FOUND FOR: 'Location',EAST-WEST,15:30,PM,262,0
Wednesday,1,12203-01,48,NO MATCH FOUND FOR: 'Location',EAST-WEST,15:45,PM,272,0
Wednesday,1,12203-01,48,NO MATCH FOUND FOR: 'Location',EAST-WEST,07:00,AM,472,0
Wednesday,1,12203-01,48,NO MATCH FOUND FOR: 'Location',EAST-WEST,07:15,AM,506,0
Wednesday,1,12203-01,48,NO MATCH FOUND FOR: 'Location',EAST-WEST,07:30,AM,496,0
Wednesday,1,12203-01,48,NO MATCH FOUND FOR: 'Location',EAST-WEST,07:45,AM,443,0
200,2,12203-01,48,1000,EAST-WEST,14:00,PM,227,0
200,2,12203-01,48,1000,EAST-WEST,14:15,PM,241,0
200,2,12203-01,48,1000,EAST-WEST,14:30,PM,239,0
200,2,12203-01,48,1000,EAST-WEST,14:45,PM,215,0
200,2,12203-01,48,1000,EAST-WEST,17:30,PM,280,0
200,2,12203-01,48,1000,EAST-WEST,17:45,PM,271,0
200,2,12203-01,48,1000,EAST-WEST,18:00,PM,279,0
200,2,12203-01,48,1000,EAST-WEST,18:15,PM,247,0
200,2,12203-01,48,1000,EAST-WEST,07:00,AM,456,0
200,2,12203-01,48,1000,EAST-WEST,07:15,AM,459,0
200,2,12203-01,48,1000,EAST-WEST,07:30,AM,500,0
200,2,12203-01,48,1000,EAST-WEST,07:45,AM,441,0
Wednesday,16:30,1,12203-01,49,600,NORTH-SOUTH,14:00,PM,175,0
Wednesday,16:30,1,12203-01,49,600,NORTH-SOUTH,14:15,PM,212,0
Wednesday,16:30,1,12203-01,49,600,NORTH-SOUTH,14:30,PM,201,0
Wednesday,16:30,1,12203-01,49,600,NORTH-SOUTH,14:45,PM,200,0
Wednesday,16:30,1,12203-01,49,600,NORTH-SOUTH,16:30,PM,261,0
Wednesday,16:30,1,12203-01,49,600,NORTH-SOUTH,16:45,PM,295,0
Wednesday,16:30,1,12203-01,49,600,NORTH-SOUTH,17:00,PM,354,0
Wednesday,16:30,1,12203-01,49,600,NORTH-SOUTH,17:15,PM,308,0
Wednesday,16:30,1,12203-01,49,600,NORTH-SOUTH,10:00,AM,129,0
Wednesday,16:30,1,12203-01,49,600,NORTH-SOUTH,10:15,AM,142,0
Wednesday,16:30,1,12203-01,49,600,NORTH-SOUTH,10:30,AM,139,0
Wednesday,16:30,1,12203-01,49,600,NORTH-SOUTH,10:45,AM,146,0
Thursday,NO MATCH FOUND FOR: 'DayNum',12203-01,49,600,NORTH-SOUTH,12:00,PM,182,0
Thursday,NO MATCH FOUND FOR: 'DayNum',12203-01,49,600,NORTH-SOUTH,12:15,PM,193,0
Thursday,NO MATCH FOUND FOR: 'DayNum',12203-01,49,600,NORTH-SOUTH,12:30,PM,199,0
Thursday,NO MATCH FOUND FOR: 'DayNum',12203-01,49,600,NORTH-SOUTH,16:15,PM,260,0
Thursday,NO MATCH FOUND FOR: 'DayNum',12203-01,49,600,NORTH-SOUTH,16:30,PM,260,0
Thursday,NO MATCH FOUND FOR: 'DayNum',12203-01,49,600,NORTH-SOUTH,16:45,PM,305,0
Thursday,NO MATCH FOUND FOR: 'DayNum',12203-01,49,600,NORTH-SOUTH,17:00,PM,283,0
Thursday,NO MATCH FOUND FOR: 'DayNum',12203-01,49,600,NORTH-SOUTH,10:00,AM,126,0
Thursday,NO MATCH FOUND FOR: 'DayNum',12203-01,49,600,NORTH-SOUTH,10:15,AM,140,0
Thursday,NO MATCH FOUND FOR: 'DayNum',12203-01,49,600,NORTH-SOUTH,10:30,AM,150,0
Thursday,NO MATCH FOUND FOR: 'DayNum',12203-01,49,600,NORTH-SOUTH,10:45,AM,166,0
Thursday,NO MATCH FOUND FOR: 'DayNum',12203-01,49,600,NORTH-SOUTH,11:45,AM,191,0
100,15:15,1,12203-01,50,IH 410 On ramp EBFR US,None,14:00,PM,113,0
100,15:15,1,12203-01,50,IH 410 On ramp EBFR US,None,14:15,PM,107,0
100,15:15,1,12203-01,50,IH 410 On ramp EBFR US,None,14:30,PM,126,0
100,15:15,1,12203-01,50,IH 410 On ramp EBFR US,None,14:45,PM,129,0
100,15:15,1,12203-01,50,IH 410 On ramp EBFR US,None,15:15,PM,132,0
100,15:15,1,12203-01,50,IH 410 On ramp EBFR US,None,15:30,PM,130,0
100,15:15,1,12203-01,50,IH 410 On ramp EBFR US,None,15:45,PM,143,0
100,15:15,1,12203-01,50,IH 410 On ramp EBFR US,None,16:00,PM,121,0
100,15:15,1,12203-01,50,IH 410 On ramp EBFR US,None,07:00,AM,168,0
100,15:15,1,12203-01,50,IH 410 On ramp EBFR US,None,07:15,AM,141,0
100,15:15,1,12203-01,50,IH 410 On ramp EBFR US,None,07:30,AM,167,0
100,15:15,1,12203-01,50,IH 410 On ramp EBFR US,None,07:45,AM,146,0
Thursday,NO MATCH FOUND FOR: 'DayNum',12203-01,50,300,None,13:45,PM,110,0
Thursday,NO MATCH FOUND FOR: 'DayNum',12203-01,50,300,None,14:00,PM,93,0
Thursday,NO MATCH FOUND FOR: 'DayNum',12203-01,50,300,None,14:15,PM,129,0
Thursday,NO MATCH FOUND FOR: 'DayNum',12203-01,50,300,None,14:30,PM,134,0
Thursday,NO MATCH FOUND FOR: 'DayNum',12203-01,50,300,None,15:30,PM,141,0
Thursday,NO MATCH FOUND FOR: 'DayNum',12203-01,50,300,None,15:45,PM,114,0
Thursday,NO MATCH FOUND FOR: 'DayNum',12203-01,50,300,None,16:00,PM,152,0
Thursday,NO MATCH FOUND FOR: 'DayNum',12203-01,50,300,None,16:15,PM,118,0
Thursday,NO MATCH FOUND FOR: 'DayNum',12203-01,50,300,None,06:45,AM,145,0
Thursday,NO MATCH FOUND FOR: 'DayNum',12203-01,50,300,None,07:00,AM,149,0
Thursday,NO MATCH FOUND FOR: 'DayNum',12203-01,50,300,None,07:15,AM,142,0
Thursday,NO MATCH FOUND FOR: 'DayNum',12203-01,50,300,None,07:30,AM,143,0
100,1,12203-01,51,400,NORTH-SOUTH,14:00,PM,147,0
100,1,12203-01,51,400,NORTH-SOUTH,14:15,PM,133,0
100,1,12203-01,51,400,NORTH-SOUTH,14:30,PM,146,0
100,1,12203-01,51,400,NORTH-SOUTH,14:45,PM,157,0
100,1,12203-01,51,400,NORTH-SOUTH,16:45,PM,199,0
100,1,12203-01,51,400,NORTH-SOUTH,17:00,PM,187,0
100,1,12203-01,51,400,NORTH-SOUTH,17:15,PM,199,0
100,1,12203-01,51,400,NORTH-SOUTH,17:30,PM,205,0
100,1,12203-01,51,400,NORTH-SOUTH,07:15,AM,169,0
100,1,12203-01,51,400,NORTH-SOUTH,07:30,AM,156,0
100,1,12203-01,51,400,NORTH-SOUTH,07:45,AM,160,0
100,1,12203-01,51,400,NORTH-SOUTH,08:00,AM,136,0
100,2,12203-01,51,400,NORTH-SOUTH,14:00,PM,127,0
100,2,12203-01,51,400,NORTH-SOUTH,14:15,PM,139,0
100,2,12203-01,51,400,NORTH-SOUTH,14:30,PM,144,0
100,2,12203-01,51,400,NORTH-SOUTH,14:45,PM,166,0
100,2,12203-01,51,400,NORTH-SOUTH,16:45,PM,206,0
100,2,12203-01,51,400,NORTH-SOUTH,17:00,PM,212,0
100,2,12203-01,51,400,NORTH-SOUTH,17:15,PM,216,0
100,2,12203-01,51,400,NORTH-SOUTH,17:30,PM,212,0
100,2,12203-01,51,400,NORTH-SOUTH,07:15,AM,165,0
100,2,12203-01,51,400,NORTH-SOUTH,07:30,AM,167,0
100,2,12203-01,51,400,NORTH-SOUTH,07:45,AM,180,0
100,2,12203-01,51,400,NORTH-SOUTH,08:00,AM,150,0
Wednesday,1,12203-01,52,600,NORTH-SOUTH,12:30,PM,0,209
Wednesday,1,12203-01,52,600,NORTH-SOUTH,12:45,PM,0,225
Wednesday,1,12203-01,52,600,NORTH-SOUTH,13:00,PM,0,201
Wednesday,1,12203-01,52,600,NORTH-SOUTH,13:15,PM,0,215
Wednesday,1,12203-01,52,600,NORTH-SOUTH,17:00,PM,0,229
Wednesday,1,12203-01,52,600,NORTH-SOUTH,17:15,PM,0,225
Wednesday,1,12203-01,52,600,NORTH-SOUTH,17:30,PM,0,229
Wednesday,1,12203-01,52,600,NORTH-SOUTH,17:45,PM,0,218
Wednesday,1,12203-01,52,600,NORTH-SOUTH,07:00,AM,0,262
Wednesday,1,12203-01,52,600,NORTH-SOUTH,07:15,AM,0,289
Wednesday,1,12203-01,52,600,NORTH-SOUTH,07:30,AM,0,298
Wednesday,1,12203-01,52,600,NORTH-SOUTH,07:45,AM,0,280
200,2,12203-01,52,on ramp EBFR US 90 W of,NORTH-SOUTH,12:45,PM,0,237
200,2,12203-01,52,on ramp EBFR US 90 W of,NORTH-SOUTH,13:00,PM,0,193
200,2,12203-01,52,on ramp EBFR US 90 W of,NORTH-SOUTH,13:15,PM,0,185
200,2,12203-01,52,on ramp EBFR US 90 W of,NORTH-SOUTH,13:30,PM,0,230
200,2,12203-01,52,on ramp EBFR US 90 W of,NORTH-SOUTH,17:30,PM,0,246
200,2,12203-01,52,on ramp EBFR US 90 W of,NORTH-SOUTH,17:45,PM,0,243
200,2,12203-01,52,on ramp EBFR US 90 W of,NORTH-SOUTH,18:00,PM,0,230
200,2,12203-01,52,on ramp EBFR US 90 W of,NORTH-SOUTH,18:15,PM,0,198
200,2,12203-01,52,on ramp EBFR US 90 W of,NORTH-SOUTH,07:15,AM,0,309
200,2,12203-01,52,on ramp EBFR US 90 W of,NORTH-SOUTH,07:30,AM,0,306
200,2,12203-01,52,on ramp EBFR US 90 W of,NORTH-SOUTH,07:45,AM,0,298
200,2,12203-01,52,on ramp EBFR US 90 W of,NORTH-SOUTH,08:00,AM,0,290